,GEO_ID,MEDIAN_HOUSEHOLD_INCOME_2010,MEDIAN_RENT_2010,GROSS_RENT_MEDIAN_INCOME_PERCENTAGE_2010,state,county,tract
0,36005039000,35729,539,63,36,005,039000
1,36005039100,22081,1853,145,36,005,039100
2,36005039200,57000,440,34,36,005,039200
3,36005039300,17988,3029,355,36,005,039300
4,36005039400,35329,1291,263,36,005,039400
5,36005039500,27384,950,29,36,005,039500
6,36005039600,41938,710,57,36,005,039600
7,36005039700,17579,495,41,36,005,039700
8,36005039800,57188,470,43,36,005,039800
9,36005039901,21418,1615,99,36,005,039901
10,36005039902,24095,1532,105,36,005,039902
11,36005040100,33950,1355,51,36,005,040100
12,36005040302,19324,1280,105,36,005,040302
13,36005040303,25625,1400,94,36,005,040303
14,36005040304,32586,1063,60,36,005,040304
15,36005040400,48065,321,34,36,005,040400
16,36005040501,29775,1206,101,36,005,040501
17,36005040502,24441,1695,57,36,005,040502
18,36005040600,37045,703,13,36,005,040600
19,36005040701,24836,1119,27,36,005,040701
20,36005040702,29826,1893,213,36,005,040702
21,36005040800,32175,1201,134,36,005,040800
22,36005040900,50313,1092,143,36,005,040900
23,36005041100,39623,922,70,36,005,041100
24,36005041300,40862,2751,354,36,005,041300
25,36005041400,48966,888,141,36,005,041400
26,36005041500,30594,1787,211,36,005,041500
27,36005041800,42703,916,46,36,005,041800
28,36005041900,33426,2244,147,36,005,041900
29,36005042000,51193,1069,77,36,005,042000
30,36005042100,35659,2173,294,36,005,042100
31,36005042200,49052,631,75,36,005,042200
32,36005042300,37730,1212,142,36,005,042300
33,36005042400,65952,305,28,36,005,042400
34,36005042500,31381,1866,180,36,005,042500
35,36005042600,68026,479,34,36,005,042600
36,36005042800,70313,227,23,36,005,042800
37,36005042901,27324,1087,60,36,005,042901
38,36005042902,29347,1148,65,36,005,042902
39,36005043000,48990,311,31,36,005,043000
40,36005043100,32027,2798,257,36,005,043100
41,36005043400,44180,1048,73,36,005,043400
42,36005043500,17604,20,0,36,005,043500
43,36005043600,51000,380,26,36,005,043600
44,36005044200,38900,754,112,36,005,044200
45,36005044400,58534,632,67,36,005,044400
46,36005044800,76190,156,0,36,005,044800
47,36005044901,63346,416,77,36,005,044901
48,36005044902,55938,617,83,36,005,044902
49,36005045101,52988,659,191,36,005,045101
50,36005045102,72188,405,52,36,005,045102
51,36005045600,64688,397,45,36,005,045600
52,36005045800,26343,2180,422,36,005,045800
53,36005046000,34273,686,77,36,005,046000
54,36005046201,48005,4734,703,36,005,046201
55,36005046202,36155,1547,123,36,005,046202
56,36005048400,55577,428,26,36,005,048400
57,36005050400,-666666666,0,0,36,005,050400
58,36005051600,64701,770,64,36,005,051600
59,36005000100,-666666666,0,0,36,005,000100
60,36005000200,59826,482,30,36,005,000200
61,36005000400,71968,560,60,36,005,000400
62,36005001600,30355,1494,94,36,005,001600
63,36005001900,25093,568,46,36,005,001900
64,36005002000,24939,2602,268,36,005,002000
65,36005002300,13756,1951,169,36,005,002300
66,36005002400,-666666666,0,0,36,005,002400
67,36005002500,15207,1635,180,36,005,002500
68,36005002701,19450,1006,87,36,005,002701
69,36005002702,19300,1301,167,36,005,002702
70,36005002800,44036,2160,260,36,005,002800
71,36005003100,33603,346,27,36,005,003100
72,36005003300,16021,1064,53,36,005,003300
73,36005003500,20403,1164,84,36,005,003500
74,36005003700,23304,62,0,36,005,003700
75,36005003800,55625,246,41,36,005,003800
76,36005003900,31566,1767,107,36,005,003900
77,36005004001,44432,220,13,36,005,004001
78,36005004100,18272,1807,166,36,005,004100
79,36005004200,35816,2455,611,36,005,004200
80,36005004300,24594,1365,69,36,005,004300
81,36005004400,16086,1443,161,36,005,004400
82,36005004600,22146,529,33,36,005,004600
83,36005004800,25168,1208,72,36,005,004800
84,36005005001,28933,1325,169,36,005,005001
85,36005005002,26439,1517,204,36,005,005002
86,36005005100,16283,1893,311,36,005,005100
87,36005005200,33750,645,178,36,005,005200
88,36005005300,14821,1575,90,36,005,005300
89,36005005400,33672,1333,106,36,005,005400
90,36005005600,30402,753,79,36,005,005600
91,36005005902,36098,767,123,36,005,005902
92,36005006000,27574,321,37,36,005,006000
93,36005006100,37936,809,152,36,005,006100
94,36005006200,20952,2264,204,36,005,006200
95,36005006300,28735,1778,237,36,005,006300
96,36005006400,42596,898,76,36,005,006400
97,36005006500,21119,1611,70,36,005,006500
98,36005006700,16745,2151,230,36,005,006700
99,36005006800,35078,847,49,36,005,006800
100,36005006900,21316,2042,202,36,005,006900
101,36005007000,46313,957,114,36,005,007000
102,36005007100,27303,311,19,36,005,007100
103,36005007200,39638,1234,104,36,005,007200
104,36005007300,26364,1226,263,36,005,007300
105,36005007400,43725,895,108,36,005,007400
106,36005007500,24291,1091,65,36,005,007500
107,36005007600,40919,1240,143,36,005,007600
108,36005007700,38472,356,12,36,005,007700
109,36005007800,38150,1449,94,36,005,007800
110,36005007900,16161,2067,80,36,005,007900
111,36005008300,25172,1734,153,36,005,008300
112,36005008400,69722,145,14,36,005,008400
113,36005008500,25783,1353,47,36,005,008500
114,36005008600,24250,1274,169,36,005,008600
115,36005008700,24808,1574,66,36,005,008700
116,36005008900,18387,920,58,36,005,008900
117,36005009000,24129,831,154,36,005,009000
118,36005009200,45625,1126,133,36,005,009200
119,36005009300,31000,1472,146,36,005,009300
120,36005009600,41597,496,34,36,005,009600
121,36005009800,52725,1047,136,36,005,009800
122,36005011000,41641,42,0,36,005,011000
123,36005011502,20536,1292,69,36,005,011502
124,36005011700,11250,544,96,36,005,011700
125,36005011800,74607,394,83,36,005,011800
126,36005011900,20253,1712,98,36,005,011900
127,36005012101,38750,764,98,36,005,012101
128,36005012102,11396,490,35,36,005,012102
129,36005012300,13981,1082,128,36,005,012300
130,36005012500,32550,861,17,36,005,012500
131,36005012701,15938,618,43,36,005,012701
132,36005012901,18142,947,86,36,005,012901
133,36005013000,85929,236,63,36,005,013000
134,36005013100,23596,1233,137,36,005,013100
135,36005013200,78125,773,127,36,005,013200
136,36005013300,18514,1896,229,36,005,013300
137,36005013500,16782,976,169,36,005,013500
138,36005013800,58291,444,39,36,005,013800
139,36005014100,18900,879,37,36,005,014100
140,36005014300,8694,189,17,36,005,014300
141,36005014400,25844,1714,110,36,005,014400
142,36005014500,20368,1770,141,36,005,014500
143,36005014701,16892,1853,333,36,005,014701
144,36005014702,15625,1604,275,36,005,014702
145,36005014900,23767,1349,178,36,005,014900
146,36005015100,25639,1479,213,36,005,015100
147,36005015200,45161,423,52,36,005,015200
148,36005015300,19095,954,113,36,005,015300
149,36005015500,22250,994,128,36,005,015500
150,36005015700,24336,910,72,36,005,015700
151,36005015800,44167,214,12,36,005,015800
152,36005015900,32400,700,133,36,005,015900
153,36005016000,73325,488,0,36,005,016000
154,36005016100,17011,1663,128,36,005,016100
155,36005016200,66204,189,0,36,005,016200
156,36005016300,-666666666,0,0,36,005,016300
157,36005016400,77083,133,41,36,005,016400
158,36005016500,16480,353,0,36,005,016500
159,36005016600,85234,313,72,36,005,016600
160,36005016700,39079,608,102,36,005,016700
161,36005016900,23355,395,27,36,005,016900
162,36005017100,-666666666,0,0,36,005,017100
163,36005017300,15417,1852,122,36,005,017300
164,36005017500,14446,2333,192,36,005,017500
165,36005017701,19182,1027,72,36,005,017701
166,36005017702,21384,1272,151,36,005,017702
167,36005017901,23045,1482,129,36,005,017901
168,36005017902,19233,1113,28,36,005,017902
169,36005018101,34623,872,109,36,005,018101
170,36005018102,35424,1504,183,36,005,018102
171,36005018301,28630,1644,297,36,005,018301
172,36005018302,32467,1112,161,36,005,018302
173,36005018400,58750,552,26,36,005,018400
174,36005018500,22473,1833,137,36,005,018500
175,36005018900,27294,2337,253,36,005,018900
176,36005019300,17287,1866,126,36,005,019300
177,36005019400,40455,544,0,36,005,019400
178,36005019500,34821,2309,263,36,005,019500
179,36005019700,24543,2149,262,36,005,019700
180,36005019900,30880,2479,373,36,005,019900
181,36005020000,32145,1242,122,36,005,020000
182,36005020100,31538,1171,115,36,005,020100
183,36005020200,38333,442,58,36,005,020200
184,36005020400,39375,776,72,36,005,020400
185,36005020501,23615,2372,102,36,005,020501
186,36005020502,35709,611,55,36,005,020502
187,36005020601,43479,600,0,36,005,020601
188,36005020900,27440,1568,120,36,005,020900
189,36005021001,47444,2620,407,36,005,021001
190,36005021002,47280,2753,408,36,005,021002
191,36005021100,25875,1711,86,36,005,021100
192,36005021200,50578,1738,206,36,005,021200
193,36005021301,21500,376,36,36,005,021301
194,36005021302,26302,1508,93,36,005,021302
195,36005021501,27386,823,89,36,005,021501
196,36005021502,24181,1856,189,36,005,021502
197,36005021601,26016,1166,51,36,005,021601
198,36005021602,46672,1829,316,36,005,021602
199,36005021700,17722,1518,86,36,005,021700
200,36005021800,33131,1658,53,36,005,021800
201,36005021900,35268,459,74,36,005,021900
202,36005022000,12359,328,15,36,005,022000
203,36005022101,28008,1082,96,36,005,022101
204,36005022102,22092,1541,97,36,005,022102
205,36005022200,33516,786,93,36,005,022200
206,36005022300,25597,1823,173,36,005,022300
207,36005022401,37287,950,80,36,005,022401
208,36005022403,39519,1029,67,36,005,022403
209,36005022404,46988,1188,208,36,005,022404
210,36005022500,35000,2101,155,36,005,022500
211,36005022701,32436,1435,169,36,005,022701
212,36005022702,53173,579,107,36,005,022702
213,36005022703,39141,511,60,36,005,022703
214,36005022800,43977,1957,283,36,005,022800
215,36005022901,27908,1649,225,36,005,022901
216,36005022902,21985,931,52,36,005,022902
217,36005023000,39402,821,156,36,005,023000
218,36005023100,27228,395,41,36,005,023100
219,36005023200,51373,543,79,36,005,023200
220,36005023301,30049,1422,144,36,005,023301
221,36005023302,19696,821,29,36,005,023302
222,36005023501,25463,1017,115,36,005,023501
223,36005023502,22445,1445,187,36,005,023502
224,36005023600,38913,428,48,36,005,023600
225,36005023702,19490,292,0,36,005,023702
226,36005023703,26439,1306,128,36,005,023703
227,36005023704,22610,1240,20,36,005,023704
228,36005023800,48368,572,52,36,005,023800
229,36005023900,19246,2337,116,36,005,023900
230,36005024000,39219,921,168,36,005,024000
231,36005024100,25694,1713,111,36,005,024100
232,36005024300,25983,1836,134,36,005,024300
233,36005024400,69545,445,38,36,005,024400
234,36005024501,26168,1279,179,36,005,024501
235,36005024502,35256,1071,150,36,005,024502
236,36005024600,68600,395,212,36,005,024600
237,36005024700,50600,651,61,36,005,024700
238,36005024800,60088,769,80,36,005,024800
239,36005024900,-666666666,0,0,36,005,024900
240,36005025000,51324,488,122,36,005,025000
241,36005025100,29254,1810,117,36,005,025100
242,36005025200,53088,464,19,36,005,025200
243,36005025300,22324,1845,139,36,005,025300
244,36005025400,54764,517,89,36,005,025400
245,36005025500,24430,1837,91,36,005,025500
246,36005025600,42188,316,57,36,005,025600
247,36005025700,32941,528,77,36,005,025700
248,36005026100,58100,325,79,36,005,026100
249,36005026300,21339,2020,138,36,005,026300
250,36005026400,56146,1099,188,36,005,026400
251,36005026500,23968,1873,155,36,005,026500
252,36005026601,54028,1000,126,36,005,026601
253,36005026602,43083,1747,451,36,005,026602
254,36005026701,25936,1241,175,36,005,026701
255,36005026702,31901,2219,312,36,005,026702
256,36005026900,35083,1230,157,36,005,026900
257,36005027300,40633,2038,313,36,005,027300
258,36005027401,66500,436,81,36,005,027401
259,36005027402,67206,468,24,36,005,027402
260,36005027600,-666666666,0,0,36,005,027600
261,36005027700,30823,1481,258,36,005,027700
262,36005027900,51667,2053,159,36,005,027900
263,36005028100,44974,1126,143,36,005,028100
264,36005028300,38777,1015,94,36,005,028300
265,36005028400,90170,52,0,36,005,028400
266,36005028500,44022,1191,172,36,005,028500
267,36005028600,85096,115,26,36,005,028600
268,36005028700,44709,882,89,36,005,028700
269,36005028800,62386,281,61,36,005,028800
270,36005028900,45968,1475,325,36,005,028900
271,36005029301,100776,257,24,36,005,029301
272,36005029302,80313,1178,185,36,005,029302
273,36005029500,71936,1118,250,36,005,029500
274,36005029600,29967,832,95,36,005,029600
275,36005029700,85859,501,93,36,005,029700
276,36005030000,51577,1426,177,36,005,030000
277,36005030100,81705,305,34,36,005,030100
278,36005030200,51544,1624,351,36,005,030200
279,36005030701,77217,1334,129,36,005,030701
280,36005030900,86053,564,117,36,005,030900
281,36005031000,90461,127,18,36,005,031000
282,36005031200,70750,200,29,36,005,031200
283,36005031400,72478,119,0,36,005,031400
284,36005031600,68225,268,0,36,005,031600
285,36005031800,66736,135,45,36,005,031800
286,36005031900,-666666666,0,0,36,005,031900
287,36005032300,69784,766,190,36,005,032300
288,36005032400,26297,1139,212,36,005,032400
289,36005032600,68610,371,9,36,005,032600
290,36005032800,37314,1219,186,36,005,032800
291,36005033000,41458,1827,177,36,005,033000
292,36005033201,43895,1273,131,36,005,033201
293,36005033202,22625,1290,128,36,005,033202
294,36005033400,28173,278,40,36,005,033400
295,36005033500,100111,277,86,36,005,033500
296,36005033600,28181,2287,294,36,005,033600
297,36005033700,84071,423,55,36,005,033700
298,36005033800,42830,979,93,36,005,033800
299,36005034000,39897,1296,138,36,005,034000
300,36005034200,70875,227,38,36,005,034200
301,36005034300,51747,353,20,36,005,034300
302,36005034400,36726,169,0,36,005,034400
303,36005034500,70469,802,198,36,005,034500
304,36005034800,44057,1158,146,36,005,034800
305,36005035000,65568,255,49,36,005,035000
306,36005035100,62292,565,108,36,005,035100
307,36005035600,80571,228,54,36,005,035600
308,36005035800,60607,839,110,36,005,035800
309,36005035900,22051,481,73,36,005,035900
310,36005036000,66275,358,83,36,005,036000
311,36005036100,14839,1902,125,36,005,036100
312,36005036300,20664,2163,116,36,005,036300
313,36005036400,58897,480,32,36,005,036400
314,36005036501,26988,1168,144,36,005,036501
315,36005036502,30938,571,66,36,005,036502
316,36005036700,17391,503,23,36,005,036700
317,36005036800,65139,230,0,36,005,036800
318,36005036901,14194,736,53,36,005,036901
319,36005036902,35949,626,64,36,005,036902
320,36005037000,68194,267,52,36,005,037000
321,36005037100,20078,1362,73,36,005,037100
322,36005037200,52107,512,96,36,005,037200
323,36005037300,27724,1329,128,36,005,037300
324,36005037400,18813,1199,252,36,005,037400
325,36005037504,19500,1072,107,36,005,037504
326,36005037600,53750,389,38,36,005,037600
327,36005037800,44583,827,85,36,005,037800
328,36005037900,21451,1481,110,36,005,037900
329,36005038000,35114,1061,50,36,005,038000
330,36005038100,27500,1981,227,36,005,038100
331,36005038200,48068,363,32,36,005,038200
332,36005038301,25508,1475,145,36,005,038301
333,36005038302,17839,1783,124,36,005,038302
334,36005038500,20981,1301,152,36,005,038500
335,36005038600,41885,1736,222,36,005,038600
336,36005038700,29398,968,80,36,005,038700
337,36005038800,36816,414,53,36,005,038800
338,36005038900,23903,1477,108,36,005,038900
339,36047006800,41989,1369,74,36,047,006800
340,36047006900,87479,1140,140,36,047,006900
341,36047007000,60149,719,108,36,047,007000
342,36047007100,37878,1465,208,36,047,007100
343,36047007200,37333,522,63,36,047,007200
344,36047007400,30805,1344,160,36,047,007400
345,36047007500,82250,1343,187,36,047,007500
346,36047007600,37911,992,169,36,047,007600
347,36047007700,113426,1160,195,36,047,007700
348,36047007800,34542,1305,189,36,047,007800
349,36047008000,27703,972,56,36,047,008000
350,36047008200,52681,1241,81,36,047,008200
351,36047008400,27846,732,26,36,047,008400
352,36047008500,15200,2977,415,36,047,008500
353,36047008600,-666666666,0,0,36,047,008600
354,36047008800,43321,862,146,36,047,008800
355,36047009000,29052,665,60,36,047,009000
356,36047009200,35417,1312,182,36,047,009200
357,36047009400,39830,1098,165,36,047,009400
358,36047009600,44606,1245,133,36,047,009600
359,36047009800,35821,1355,110,36,047,009800
360,36047010000,27434,1480,142,36,047,010000
361,36047010100,50513,957,96,36,047,010100
362,36047010200,37704,1025,124,36,047,010200
363,36047010400,25625,1274,9,36,047,010400
364,36047010600,30459,1151,94,36,047,010600
365,36047010800,37953,1032,128,36,047,010800
366,36047011000,37083,465,55,36,047,011000
367,36047011200,24819,1731,105,36,047,011200
368,36047011400,40779,980,136,36,047,011400
369,36047011600,31315,862,94,36,047,011600
370,36047011700,64471,803,106,36,047,011700
371,36047011800,40170,433,130,36,047,011800
372,36047011900,55156,466,58,36,047,011900
373,36047012000,31750,252,44,36,047,012000
374,36047012100,54336,503,95,36,047,012100
375,36047012200,44722,1109,96,36,047,012200
376,36047012600,35061,616,68,36,047,012600
377,36047012700,24656,1331,218,36,047,012700
378,36047012801,54688,504,85,36,047,012801
379,36047012901,85989,639,116,36,047,012901
380,36047012902,75972,664,119,36,047,012902
381,36047013000,46037,1288,125,36,047,013000
382,36047013100,91667,1254,158,36,047,013100
383,36047013200,36007,405,42,36,047,013200
384,36047013300,88851,963,176,36,047,013300
385,36047013400,62557,667,160,36,047,013400
386,36047013500,90833,797,78,36,047,013500
387,36047013600,61534,904,142,36,047,013600
388,36047013700,76058,998,163,36,047,013700
389,36047013800,51563,1003,131,36,047,013800
390,36047013900,60659,1184,148,36,047,013900
391,36047014000,51942,388,26,36,047,014000
392,36047014100,78674,599,22,36,047,014100
393,36047014200,53622,956,80,36,047,014200
394,36047014300,58571,953,188,36,047,014300
395,36047014500,49842,1160,100,36,047,014500
396,36047014700,60184,609,62,36,047,014700
397,36047014800,95833,88,0,36,047,014800
398,36047014900,90175,1306,259,36,047,014900
399,36047015000,66136,229,0,36,047,015000
400,36047015100,106955,920,118,36,047,015100
401,36047015200,54758,273,29,36,047,015200
402,36047015300,102295,760,93,36,047,015300
403,36047015400,-666666666,0,0,36,047,015400
404,36047015500,102480,781,159,36,047,015500
405,36047015700,113924,899,93,36,047,015700
406,36047015900,103173,1263,172,36,047,015900
407,36047016000,48833,1366,153,36,047,016000
408,36047016100,100272,905,248,36,047,016100
409,36047016200,85781,408,41,36,047,016200
410,36047016300,74732,851,142,36,047,016300
411,36047016400,70284,175,2,36,047,016400
412,36047016500,116341,1141,152,36,047,016500
413,36047016600,71500,111,40,36,047,016600
414,36047016700,108144,930,190,36,047,016700
415,36047016800,66964,117,25,36,047,016800
416,36047016900,72230,1337,221,36,047,016900
417,36047017000,59643,359,25,36,047,017000
418,36047017100,90906,680,107,36,047,017100
419,36047017200,46250,291,26,36,047,017200
420,36047017400,51080,270,36,36,047,017400
421,36047017500,-666666666,11,0,36,047,017500
422,36047017600,36875,400,43,36,047,017600
423,36047017700,-666666666,0,0,36,047,017700
424,36047017800,52327,353,31,36,047,017800
425,36047017900,52463,958,98,36,047,017900
426,36047018000,33900,545,83,36,047,018000
427,36047018100,75658,1456,224,36,047,018100
428,36047018200,37138,580,128,36,047,018200
429,36047018300,83105,723,126,36,047,018300
430,36047018400,36367,147,0,36,047,018400
431,36047018501,22005,1110,133,36,047,018501
432,36047018600,45417,309,106,36,047,018600
433,36047018700,59286,427,109,36,047,018700
434,36047018800,72530,341,23,36,047,018800
435,36047019000,36913,1026,84,36,047,019000
436,36047019100,51700,562,82,36,047,019100
437,36047019200,37120,372,0,36,047,019200
438,36047000100,85396,933,133,36,047,000100
439,36047000200,54688,153,11,36,047,000200
440,36047000301,160833,936,252,36,047,000301
441,36047000501,80107,864,125,36,047,000501
442,36047000502,89545,850,153,36,047,000502
443,36047000700,129097,1007,136,36,047,000700
444,36047000900,97385,1298,250,36,047,000900
445,36047001100,73269,46,0,36,047,001100
446,36047001300,92599,195,35,36,047,001300
447,36047001500,51875,865,105,36,047,001500
448,36047001800,-666666666,0,0,36,047,001800
449,36047002000,34063,277,24,36,047,002000
450,36047002100,163147,650,151,36,047,002100
451,36047002200,38070,1105,139,36,047,002200
452,36047002300,18702,1550,162,36,047,002300
453,36047002901,9001,980,43,36,047,002901
454,36047003000,58864,290,29,36,047,003000
455,36047003100,63286,306,16,36,047,003100
456,36047003300,80662,936,116,36,047,003300
457,36047003400,58393,644,86,36,047,003400
458,36047003500,50550,560,28,36,047,003500
459,36047003600,54365,1284,65,36,047,003600
460,36047003700,75260,127,11,36,047,003700
461,36047003800,82216,147,78,36,047,003800
462,36047003900,55972,735,57,36,047,003900
463,36047004100,89205,951,166,36,047,004100
464,36047004300,109569,919,157,36,047,004300
465,36047004400,83068,193,10,36,047,004400
466,36047004500,102992,986,102,36,047,004500
467,36047004600,57321,104,25,36,047,004600
468,36047004700,104875,298,79,36,047,004700
469,36047004900,80114,705,62,36,047,004900
470,36047005000,68068,516,38,36,047,005000
471,36047005100,85870,588,118,36,047,005100
472,36047005201,24917,886,103,36,047,005201
473,36047005202,64044,663,137,36,047,005202
474,36047005300,68393,729,25,36,047,005300
475,36047005400,49375,985,65,36,047,005400
476,36047005601,57847,866,164,36,047,005601
477,36047005602,56713,429,49,36,047,005602
478,36047005800,50785,1196,121,36,047,005800
479,36047005900,53826,486,0,36,047,005900
480,36047006000,66250,744,90,36,047,006000
481,36047006200,52339,864,32,36,047,006200
482,36047006300,85046,778,108,36,047,006300
483,36047006400,58269,988,193,36,047,006400
484,36047006500,82003,1785,378,36,047,006500
485,36047006600,47119,1185,131,36,047,006600
486,36047006700,107851,1022,207,36,047,006700
487,36047019300,40861,1063,152,36,047,019300
488,36047019400,32327,677,68,36,047,019400
489,36047019500,50938,942,88,36,047,019500
490,36047019600,43421,1077,172,36,047,019600
491,36047019700,69089,811,64,36,047,019700
492,36047019800,34653,334,132,36,047,019800
493,36047019900,53934,978,202,36,047,019900
494,36047020000,50610,343,34,36,047,020000
495,36047020100,74556,1223,231,36,047,020100
496,36047020200,79242,167,23,36,047,020200
497,36047020300,48643,521,23,36,047,020300
498,36047020400,66757,162,0,36,047,020400
499,36047020500,70329,977,129,36,047,020500
500,36047020600,63173,259,0,36,047,020600
501,36047020700,95668,1195,223,36,047,020700
502,36047020800,48469,426,47,36,047,020800
503,36047021000,53586,797,85,36,047,021000
504,36047021100,70962,359,103,36,047,021100
505,36047021200,47386,1029,47,36,047,021200
506,36047021300,47083,1671,347,36,047,021300
507,36047021400,27917,361,23,36,047,021400
508,36047021500,63224,1789,423,36,047,021500
509,36047021600,41875,610,73,36,047,021600
510,36047021700,41113,1487,332,36,047,021700
511,36047021800,32333,683,0,36,047,021800
512,36047021900,30856,1315,231,36,047,021900
513,36047022000,30914,920,31,36,047,022000
514,36047022100,38606,1077,120,36,047,022100
515,36047022200,26670,817,75,36,047,022200
516,36047022400,38244,1086,27,36,047,022400
517,36047022600,43421,497,32,36,047,022600
518,36047022700,40660,1036,115,36,047,022700
519,36047022800,43281,581,21,36,047,022800
520,36047022900,51711,1039,121,36,047,022900
521,36047023000,26613,925,37,36,047,023000
522,36047023100,61020,988,113,36,047,023100
523,36047023200,26767,1130,96,36,047,023200
524,36047023300,35530,1459,223,36,047,023300
525,36047023400,36847,1101,71,36,047,023400
526,36047023500,53125,608,63,36,047,023500
527,36047023600,31217,1294,75,36,047,023600
528,36047023800,34123,833,72,36,047,023800
529,36047024000,36769,1046,122,36,047,024000
530,36047024100,39861,681,55,36,047,024100
531,36047024200,42054,447,7,36,047,024200
532,36047024300,26778,1207,83,36,047,024300
533,36047024400,34617,645,13,36,047,024400
534,36047024500,47396,1063,132,36,047,024500
535,36047024600,47917,581,73,36,047,024600
536,36047024700,33480,715,55,36,047,024700
537,36047024800,48176,461,61,36,047,024800
538,36047024900,43869,1076,91,36,047,024900
539,36047025000,42404,384,101,36,047,025000
540,36047025100,34821,1147,92,36,047,025100
541,36047025200,45968,1315,142,36,047,025200
542,36047025300,44084,550,25,36,047,025300
543,36047025400,41218,710,41,36,047,025400
544,36047025500,16670,1724,199,36,047,025500
545,36047025600,35417,444,79,36,047,025600
546,36047025700,26625,452,31,36,047,025700
547,36047025800,38796,1149,34,36,047,025800
548,36047025901,26053,529,36,36,047,025901
549,36047025902,20963,1096,179,36,047,025902
550,36047026000,41759,670,98,36,047,026000
551,36047026100,24253,1192,93,36,047,026100
552,36047026200,41633,399,33,36,047,026200
553,36047026300,33235,523,38,36,047,026300
554,36047026400,43184,1000,118,36,047,026400
555,36047026500,43250,1217,183,36,047,026500
556,36047026600,52688,529,20,36,047,026600
557,36047026700,58250,842,58,36,047,026700
558,36047026800,47315,836,71,36,047,026800
559,36047026900,25982,727,51,36,047,026900
560,36047027000,32917,601,20,36,047,027000
561,36047027100,42819,756,39,36,047,027100
562,36047027200,36094,619,80,36,047,027200
563,36047027300,40187,897,107,36,047,027300
564,36047027400,41375,368,21,36,047,027400
565,36047027500,52958,886,81,36,047,027500
566,36047027600,34450,862,47,36,047,027600
567,36047027700,26676,975,75,36,047,027700
568,36047027800,39575,805,108,36,047,027800
569,36047027900,37337,870,93,36,047,027900
570,36047028000,55865,347,62,36,047,028000
571,36047028100,20052,1281,191,36,047,028100
572,36047028200,34362,674,57,36,047,028200
573,36047028300,16118,1030,78,36,047,028300
574,36047028400,35354,1021,51,36,047,028400
575,36047028501,59583,126,0,36,047,028501
576,36047028502,16161,1065,135,36,047,028502
577,36047028600,36518,1707,182,36,047,028600
578,36047028700,23025,916,56,36,047,028700
579,36047028800,28407,719,26,36,047,028800
580,36047028900,27143,900,154,36,047,028900
581,36047029000,38206,1026,72,36,047,029000
582,36047029100,30669,828,44,36,047,029100
583,36047029200,25104,565,9,36,047,029200
584,36047029300,29922,1076,111,36,047,029300
585,36047029400,29871,447,74,36,047,029400
586,36047029500,55361,761,75,36,047,029500
587,36047029600,37454,1166,13,36,047,029600
588,36047029700,51944,835,121,36,047,029700
589,36047029800,41229,708,8,36,047,029800
590,36047029900,34517,441,11,36,047,029900
591,36047030000,41213,709,51,36,047,030000
592,36047030100,41646,598,82,36,047,030100
593,36047030200,43889,617,50,36,047,030200
594,36047030300,22613,1087,88,36,047,030300
595,36047030400,36841,912,83,36,047,030400
596,36047030500,51696,2020,191,36,047,030500
597,36047030600,40556,302,26,36,047,030600
598,36047030700,16158,1701,152,36,047,030700
599,36047030800,42303,352,54,36,047,030800
600,36047030900,38933,438,90,36,047,030900
601,36047031100,37835,754,57,36,047,031100
602,36047031300,27625,1646,175,36,047,031300
603,36047031400,44038,698,178,36,047,031400
604,36047031500,36520,1951,94,36,047,031500
605,36047031701,33514,1205,107,36,047,031701
606,36047031702,36125,730,78,36,047,031702
607,36047031900,34485,1042,71,36,047,031900
608,36047032100,36250,1835,165,36,047,032100
609,36047032300,39375,1280,134,36,047,032300
610,36047032500,33529,2191,404,36,047,032500
611,36047032600,27500,2109,197,36,047,032600
612,36047032700,37402,1194,145,36,047,032700
613,36047032800,36116,687,84,36,047,032800
614,36047032900,36113,1715,208,36,047,032900
615,36047033000,22889,1605,202,36,047,033000
616,36047033100,34005,1130,84,36,047,033100
617,36047033300,40262,880,91,36,047,033300
618,36047033500,53359,282,59,36,047,033500
619,36047033600,61951,728,144,36,047,033600
620,36047033700,42321,942,191,36,047,033700
621,36047033900,39955,1183,116,36,047,033900
622,36047034000,26188,723,98,36,047,034000
623,36047034100,37892,891,66,36,047,034100
624,36047034200,19385,2612,291,36,047,034200
625,36047034300,19452,1570,121,36,047,034300
626,36047034500,42095,606,42,36,047,034500
627,36047034700,29602,967,64,36,047,034700
628,36047034800,41414,404,18,36,047,034800
629,36047034900,35158,1697,230,36,047,034900
630,36047035000,46180,1103,126,36,047,035000
631,36047035100,34766,1219,131,36,047,035100
632,36047035200,9215,461,0,36,047,035200
633,36047035300,34752,1681,139,36,047,035300
634,36047035400,42436,1374,86,36,047,035400
635,36047035500,30865,1736,96,36,047,035500
636,36047035601,48478,1142,194,36,047,035601
637,36047035602,38526,1988,140,36,047,035602
638,36047035700,20777,828,49,36,047,035700
639,36047035900,30559,1686,177,36,047,035900
640,36047036001,20821,1199,74,36,047,036001
641,36047036002,14047,1868,71,36,047,036002
642,36047036100,20288,709,67,36,047,036100
643,36047036200,28750,727,115,36,047,036200
644,36047036300,34005,1051,110,36,047,036300
645,36047036400,36359,608,79,36,047,036400
646,36047036501,35673,988,155,36,047,036501
647,36047036502,53648,278,90,36,047,036502
648,36047036600,48370,847,52,36,047,036600
649,36047036700,43542,270,24,36,047,036700
650,36047036900,25972,1282,76,36,047,036900
651,36047037000,51361,547,0,36,047,037000
652,36047037100,41880,1035,44,36,047,037100
653,36047037300,27263,1286,120,36,047,037300
654,36047037401,50518,1187,41,36,047,037401
655,36047037402,32364,1363,79,36,047,037402
656,36047037500,40323,644,35,36,047,037500
657,36047037700,46584,1066,106,36,047,037700
658,36047037900,46623,951,0,36,047,037900
659,36047038100,29291,1343,137,36,047,038100
660,36047038200,25399,1729,290,36,047,038200
661,36047038300,38444,838,53,36,047,038300
662,36047038500,28702,948,140,36,047,038500
663,36047038600,42782,360,16,36,047,038600
664,36047038700,34194,1028,142,36,047,038700
665,36047038800,43598,689,89,36,047,038800
666,36047038900,30841,728,50,36,047,038900
667,36047039000,52174,200,11,36,047,039000
668,36047039100,38114,712,86,36,047,039100
669,36047039200,36078,530,52,36,047,039200
670,36047039300,31618,735,90,36,047,039300
671,36047039400,48510,441,52,36,047,039400
672,36047039500,30382,1017,98,36,047,039500
673,36047039600,41424,243,68,36,047,039600
674,36047039700,33125,871,66,36,047,039700
675,36047039800,33313,388,22,36,047,039800
676,36047039900,35969,1016,194,36,047,039900
677,36047040000,38819,630,61,36,047,040000
678,36047040100,30350,690,28,36,047,040100
679,36047040200,41792,324,10,36,047,040200
680,36047040300,38278,598,129,36,047,040300
681,36047040400,61705,320,11,36,047,040400
682,36047040500,65795,266,63,36,047,040500
683,36047040600,51080,512,48,36,047,040600
684,36047040700,-666666666,0,0,36,047,040700
685,36047040800,37500,509,25,36,047,040800
686,36047040900,32097,849,59,36,047,040900
687,36047041000,38958,226,27,36,047,041000
688,36047041100,33182,862,81,36,047,041100
689,36047041200,40606,592,78,36,047,041200
690,36047041300,40000,685,95,36,047,041300
691,36047041401,49226,159,34,36,047,041401
692,36047041402,41188,390,37,36,047,041402
693,36047041500,32589,715,0,36,047,041500
694,36047041600,41776,330,20,36,047,041600
695,36047041700,30151,957,29,36,047,041700
696,36047041800,30159,430,10,36,047,041800
697,36047041900,32523,826,98,36,047,041900
698,36047042000,47542,172,44,36,047,042000
699,36047042100,40464,894,39,36,047,042100
700,36047042200,46190,714,41,36,047,042200
701,36047042300,36578,775,39,36,047,042300
702,36047042400,38821,910,112,36,047,042400
703,36047042500,30025,845,57,36,047,042500
704,36047042600,42094,776,123,36,047,042600
705,36047042700,38952,1580,298,36,047,042700
706,36047042800,39879,851,112,36,047,042800
707,36047042900,30813,1854,136,36,047,042900
708,36047043000,41397,905,84,36,047,043000
709,36047043100,27798,1595,152,36,047,043100
710,36047043200,30957,975,85,36,047,043200
711,36047043300,26667,1156,65,36,047,043300
712,36047043400,43804,901,75,36,047,043400
713,36047043500,30925,1061,45,36,047,043500
714,36047043600,32188,1277,133,36,047,043600
715,36047043700,31705,1236,149,36,047,043700
716,36047043800,45594,676,11,36,047,043800
717,36047043900,37156,784,24,36,047,043900
718,36047044000,60958,437,119,36,047,044000
719,36047044100,36299,1754,116,36,047,044100
720,36047044200,50733,361,15,36,047,044200
721,36047044300,44198,1393,106,36,047,044300
722,36047044400,42130,695,15,36,047,044400
723,36047044500,39635,1129,79,36,047,044500
724,36047044600,48618,424,49,36,047,044600
725,36047044700,41648,657,43,36,047,044700
726,36047044800,44866,306,9,36,047,044800
727,36047044900,23385,920,145,36,047,044900
728,36047045000,38643,62,8,36,047,045000
729,36047045200,59392,378,24,36,047,045200
730,36047045300,40934,553,29,36,047,045300
731,36047045400,65318,212,9,36,047,045400
732,36047045600,24722,723,50,36,047,045600
733,36047045800,64063,100,14,36,047,045800
734,36047046000,53654,712,119,36,047,046000
735,36047046201,26926,529,41,36,047,046201
736,36047046202,45318,356,38,36,047,046202
737,36047046400,50125,338,8,36,047,046400
738,36047046800,46848,215,68,36,047,046800
739,36047047000,46622,213,0,36,047,047000
740,36047047200,60500,270,20,36,047,047200
741,36047047400,48611,462,9,36,047,047400
742,36047047600,27153,649,52,36,047,047600
743,36047047700,54637,1064,150,36,047,047700
744,36047047800,41359,842,181,36,047,047800
745,36047048000,45144,762,71,36,047,048000
746,36047048100,65673,1128,266,36,047,048100
747,36047048200,30164,1361,157,36,047,048200
748,36047048400,38017,1305,69,36,047,048400
749,36047048500,54289,642,67,36,047,048500
750,36047048600,28341,674,35,36,047,048600
751,36047048800,35586,889,73,36,047,048800
752,36047048900,15654,1432,95,36,047,048900
753,36047049000,40899,1659,229,36,047,049000
754,36047049100,32093,2039,286,36,047,049100
755,36047049200,51157,624,88,36,047,049200
756,36047049300,22145,2838,297,36,047,049300
757,36047049400,43596,1494,44,36,047,049400
758,36047049500,61771,796,70,36,047,049500
759,36047049600,49904,960,129,36,047,049600
760,36047049700,70433,889,131,36,047,049700
761,36047049800,51711,1020,64,36,047,049800
762,36047049900,46786,570,5,36,047,049900
763,36047050000,46339,832,73,36,047,050000
764,36047050100,61888,920,76,36,047,050100
765,36047050202,82784,354,33,36,047,050202
766,36047050300,63578,875,231,36,047,050300
767,36047050400,70260,1290,171,36,047,050400
768,36047050500,21680,1444,128,36,047,050500
769,36047050600,32446,1739,163,36,047,050600
770,36047050700,20598,383,14,36,047,050700
771,36047050801,29272,1343,161,36,047,050801
772,36047050803,47183,799,139,36,047,050803
773,36047050804,40188,2156,296,36,047,050804
774,36047050900,20750,478,0,36,047,050900
775,36047051001,45417,1166,123,36,047,051001
776,36047051002,36094,1643,218,36,047,051002
777,36047051100,22969,1396,180,36,047,051100
778,36047051200,41398,2011,214,36,047,051200
779,36047051300,57995,1507,267,36,047,051300
780,36047051400,38977,2349,192,36,047,051400
781,36047051500,64196,342,38,36,047,051500
782,36047051601,32760,1844,210,36,047,051601
783,36047051602,39721,1017,50,36,047,051602
784,36047051700,73021,619,137,36,047,051700
785,36047051800,50500,919,166,36,047,051800
786,36047051900,53278,1335,126,36,047,051900
787,36047052000,47639,1057,109,36,047,052000
788,36047052300,30417,2002,105,36,047,052300
789,36047052500,15948,1071,152,36,047,052500
790,36047052600,56220,1444,175,36,047,052600
791,36047052700,36549,2192,372,36,047,052700
792,36047052800,76000,295,29,36,047,052800
793,36047052900,25671,773,110,36,047,052900
794,36047053000,51833,643,73,36,047,053000
795,36047053100,24018,909,34,36,047,053100
796,36047053200,56429,508,115,36,047,053200
797,36047053300,18458,1567,103,36,047,053300
798,36047053400,35682,554,21,36,047,053400
799,36047053500,20234,877,81,36,047,053500
800,36047053700,30938,398,0,36,047,053700
801,36047053800,39592,1567,137,36,047,053800
802,36047053900,23099,698,42,36,047,053900
803,36047054200,44375,917,87,36,047,054200
804,36047054300,31591,67,0,36,047,054300
805,36047054400,63636,725,111,36,047,054400
806,36047054500,21707,2149,190,36,047,054500
807,36047054600,30014,1483,84,36,047,054600
808,36047054700,22865,926,12,36,047,054700
809,36047054800,64896,297,13,36,047,054800
810,36047054900,45060,870,99,36,047,054900
811,36047055000,33844,976,85,36,047,055000
812,36047055100,43074,1731,194,36,047,055100
813,36047055200,41509,1029,176,36,047,055200
814,36047055300,64201,911,118,36,047,055300
815,36047055400,34497,1243,118,36,047,055400
816,36047055500,59767,543,22,36,047,055500
817,36047055600,51397,695,57,36,047,055600
818,36047055700,60119,486,120,36,047,055700
819,36047055800,38798,516,54,36,047,055800
820,36047056000,40078,977,37,36,047,056000
821,36047056100,59531,1177,144,36,047,056100
822,36047056200,70406,54,0,36,047,056200
823,36047056300,52500,1654,195,36,047,056300
824,36047056400,55739,169,11,36,047,056400
825,36047056500,58214,1216,141,36,047,056500
826,36047056600,54442,496,55,36,047,056600
827,36047056800,51304,109,0,36,047,056800
828,36047056900,62955,648,89,36,047,056900
829,36047057000,54257,206,25,36,047,057000
830,36047057100,52440,1580,320,36,047,057100
831,36047057200,13918,1966,194,36,047,057200
832,36047057300,50625,669,98,36,047,057300
833,36047057400,74265,257,61,36,047,057400
834,36047057500,58409,1352,256,36,047,057500
835,36047057600,54007,449,22,36,047,057600
836,36047057800,63371,599,28,36,047,057800
837,36047057900,40987,392,16,36,047,057900
838,36047058000,43397,827,38,36,047,058000
839,36047058200,31849,760,88,36,047,058200
840,36047058400,42380,788,69,36,047,058400
841,36047058600,34205,316,17,36,047,058600
842,36047058800,47066,758,98,36,047,058800
843,36047058900,88971,443,75,36,047,058900
844,36047059000,62083,283,79,36,047,059000
845,36047059100,56573,1244,137,36,047,059100
846,36047059200,52162,1055,202,36,047,059200
847,36047059300,37672,607,47,36,047,059300
848,36047059401,56689,1248,142,36,047,059401
849,36047059402,63283,519,67,36,047,059402
850,36047059600,37012,482,47,36,047,059600
851,36047059800,54268,520,16,36,047,059800
852,36047060000,59952,1135,90,36,047,060000
853,36047060600,47527,614,127,36,047,060600
854,36047060800,51250,925,129,36,047,060800
855,36047061002,47679,768,84,36,047,061002
856,36047061003,32039,334,32,36,047,061003
857,36047061004,22574,2408,156,36,047,061004
858,36047061200,69286,138,5,36,047,061200
859,36047061600,70847,125,9,36,047,061600
860,36047062000,95833,94,5,36,047,062000
861,36047062200,46071,722,55,36,047,062200
862,36047062600,44625,434,37,36,047,062600
863,36047062800,71797,308,18,36,047,062800
864,36047063200,70714,93,0,36,047,063200
865,36047063600,88239,33,13,36,047,063600
866,36047063800,60489,140,28,36,047,063800
867,36047064000,97560,41,0,36,047,064000
868,36047064200,67303,421,71,36,047,064200
869,36047064400,88007,277,86,36,047,064400
870,36047064600,80978,86,11,36,047,064600
871,36047064800,56504,159,0,36,047,064800
872,36047065000,60257,158,0,36,047,065000
873,36047065200,114063,83,32,36,047,065200
874,36047065400,105213,26,0,36,047,065400
875,36047065600,83889,56,0,36,047,065600
876,36047065800,85870,131,0,36,047,065800
877,36047066000,66667,29,0,36,047,066000
878,36047066200,82995,123,40,36,047,066200
879,36047066600,-666666666,0,0,36,047,066600
880,36047067000,49091,371,87,36,047,067000
881,36047067200,71957,145,53,36,047,067200
882,36047067400,85588,133,0,36,047,067400
883,36047067600,72727,106,0,36,047,067600
884,36047067800,61477,313,79,36,047,067800
885,36047068000,53450,180,0,36,047,068000
886,36047068200,84896,134,58,36,047,068200
887,36047068600,62260,183,36,36,047,068600
888,36047068800,73229,58,0,36,047,068800
889,36047069000,76250,84,0,36,047,069000
890,36047069200,65179,194,25,36,047,069200
891,36047069601,68529,728,97,36,047,069601
892,36047069602,85313,522,39,36,047,069602
893,36047069800,67955,64,0,36,047,069800
894,36047070000,97206,191,16,36,047,070000
895,36047070201,79278,426,43,36,047,070201
896,36047070202,39167,9,0,36,047,070202
897,36047070203,-666666666,0,0,36,047,070203
898,36047070600,88250,182,0,36,047,070600
899,36047072000,69185,206,44,36,047,072000
900,36047072200,81919,246,0,36,047,072200
901,36047072400,75541,166,0,36,047,072400
902,36047072600,63661,77,0,36,047,072600
903,36047072800,51491,285,32,36,047,072800
904,36047073000,92802,72,0,36,047,073000
905,36047073200,68580,240,46,36,047,073200
906,36047073400,64583,85,0,36,047,073400
907,36047073600,41214,727,71,36,047,073600
908,36047073800,65132,606,137,36,047,073800
909,36047074000,57321,610,85,36,047,074000
910,36047074200,62473,407,53,36,047,074200
911,36047074400,94485,94,0,36,047,074400
912,36047074600,71855,156,9,36,047,074600
913,36047074800,57454,261,49,36,047,074800
914,36047075000,39099,496,82,36,047,075000
915,36047075200,49893,7,0,36,047,075200
916,36047075400,117750,60,0,36,047,075400
917,36047075600,61618,168,78,36,047,075600
918,36047075800,93676,228,21,36,047,075800
919,36047076000,57143,645,30,36,047,076000
920,36047076200,41541,1317,76,36,047,076200
921,36047076400,51667,1030,224,36,047,076400
922,36047076600,56137,585,44,36,047,076600
923,36047076800,48750,849,76,36,047,076800
924,36047077000,53672,568,60,36,047,077000
925,36047077200,55507,758,92,36,047,077200
926,36047077400,47763,878,124,36,047,077400
927,36047077600,52042,738,176,36,047,077600
928,36047078000,72768,111,0,36,047,078000
929,36047078200,44551,1058,170,36,047,078200
930,36047078400,64080,238,68,36,047,078400
931,36047078600,35092,1162,163,36,047,078600
932,36047078800,37092,874,123,36,047,078800
933,36047079000,36532,1339,255,36,047,079000
934,36047079200,42772,987,143,36,047,079200
935,36047079400,40455,375,32,36,047,079400
936,36047079601,41296,1590,195,36,047,079601
937,36047079602,31491,1702,136,36,047,079602
938,36047079801,41671,1057,161,36,047,079801
939,36047079802,43235,2252,331,36,047,079802
940,36047080000,48911,998,99,36,047,080000
941,36047080200,41042,1175,203,36,047,080200
942,36047080400,44769,865,42,36,047,080400
943,36047080600,41709,749,77,36,047,080600
944,36047080800,13636,96,9,36,047,080800
945,36047081000,37773,625,41,36,047,081000
946,36047081400,54643,539,28,36,047,081400
947,36047081600,39779,636,57,36,047,081600
948,36047081800,39939,1422,190,36,047,081800
949,36047082000,45943,1748,293,36,047,082000
950,36047082200,33272,2416,404,36,047,082200
951,36047082400,32482,1292,61,36,047,082400
952,36047082600,37153,1542,35,36,047,082600
953,36047082800,32750,1057,54,36,047,082800
954,36047083000,36719,2052,125,36,047,083000
955,36047083200,85417,192,12,36,047,083200
956,36047083400,83141,72,0,36,047,083400
957,36047083600,61774,285,21,36,047,083600
958,36047083800,66127,175,0,36,047,083800
959,36047084000,58625,271,40,36,047,084000
960,36047084600,72533,222,55,36,047,084600
961,36047084800,60964,140,24,36,047,084800
962,36047085000,61563,88,0,36,047,085000
963,36047085200,-666666666,0,0,36,047,085200
964,36047085400,67625,233,43,36,047,085400
965,36047085600,45887,890,136,36,047,085600
966,36047085800,46406,480,21,36,047,085800
967,36047086000,41453,736,87,36,047,086000
968,36047086200,35795,866,50,36,047,086200
969,36047086400,86042,357,63,36,047,086400
970,36047086600,36458,601,47,36,047,086600
971,36047086800,31023,871,170,36,047,086800
972,36047087000,38262,685,27,36,047,087000
973,36047087200,47422,604,94,36,047,087200
974,36047087401,26915,926,118,36,047,087401
975,36047087600,51473,346,96,36,047,087600
976,36047087800,35990,796,59,36,047,087800
977,36047088000,49652,571,73,36,047,088000
978,36047088200,32181,2050,163,36,047,088200
979,36047088400,36504,1523,214,36,047,088400
980,36047088600,31605,1374,168,36,047,088600
981,36047088800,44158,987,168,36,047,088800
982,36047089000,30683,1997,104,36,047,089000
983,36047089200,27022,1267,89,36,047,089200
984,36047089400,43616,629,64,36,047,089400
985,36047089600,39774,1135,178,36,047,089600
986,36047089800,36042,252,7,36,047,089800
987,36047090000,22685,1677,172,36,047,090000
988,36047090200,22176,425,72,36,047,090200
989,36047090600,13450,1392,163,36,047,090600
990,36047090800,20313,1089,165,36,047,090800
991,36047091000,11034,2152,149,36,047,091000
992,36047091200,15811,2362,287,36,047,091200
993,36047091600,25614,917,41,36,047,091600
994,36047091800,37417,548,32,36,047,091800
995,36047092000,29858,439,29,36,047,092000
996,36047092200,30129,779,161,36,047,092200
997,36047092400,38782,554,36,36,047,092400
998,36047092800,63574,686,192,36,047,092800
999,36047093000,73390,315,27,36,047,093000
1000,36047093200,56528,114,0,36,047,093200
1001,36047093400,66250,417,78,36,047,093400
1002,36047093600,55917,251,54,36,047,093600
1003,36047093800,39340,497,80,36,047,093800
1004,36047094401,56504,644,124,36,047,094401
1005,36047094402,14338,1144,236,36,047,094402
1006,36047094600,56840,177,22,36,047,094600
1007,36047095000,65643,438,150,36,047,095000
1008,36047095400,56636,731,131,36,047,095400
1009,36047095600,61842,698,63,36,047,095600
1010,36047095800,63194,465,112,36,047,095800
1011,36047096000,-666666666,0,0,36,047,096000
1012,36047096200,63705,162,13,36,047,096200
1013,36047096400,59671,379,71,36,047,096400
1014,36047096600,76354,301,32,36,047,096600
1015,36047096800,80208,154,19,36,047,096800
1016,36047097000,57745,357,40,36,047,097000
1017,36047097400,57730,282,13,36,047,097400
1018,36047098200,18835,1491,219,36,047,098200
1019,36047098400,64890,173,7,36,047,098400
1020,36047098600,66487,561,73,36,047,098600
1021,36047098800,61373,546,80,36,047,098800
1022,36047099000,49911,120,32,36,047,099000
1023,36047099200,72035,220,0,36,047,099200
1024,36047099400,83380,274,36,36,047,099400
1025,36047099600,67075,458,0,36,047,099600
1026,36047099800,53208,508,62,36,047,099800
1027,36047100400,63882,514,74,36,047,100400
1028,36047100600,83050,330,166,36,047,100600
1029,36047100800,57375,214,0,36,047,100800
1030,36047101000,62896,313,31,36,047,101000
1031,36047101200,47317,173,0,36,047,101200
1032,36047101400,55375,255,31,36,047,101400
1033,36047101600,84853,108,0,36,047,101600
1034,36047101800,77538,168,18,36,047,101800
1035,36047102000,87338,101,8,36,047,102000
1036,36047102200,51827,429,83,36,047,102200
1037,36047102400,52692,191,14,36,047,102400
1038,36047102600,64111,362,23,36,047,102600
1039,36047102800,82104,137,0,36,047,102800
1040,36047103400,27284,1404,198,36,047,103400
1041,36047105801,25032,3288,433,36,047,105801
1042,36047105804,24708,2890,383,36,047,105804
1043,36047107000,56638,9,0,36,047,107000
1044,36047107800,60317,1123,277,36,047,107800
1045,36047109800,33214,413,107,36,047,109800
1046,36047110400,30691,1192,213,36,047,110400
1047,36047110600,26425,1566,279,36,047,110600
1048,36047111000,19005,1447,182,36,047,111000
1049,36047111600,41739,460,102,36,047,111600
1050,36047111800,28109,568,21,36,047,111800
1051,36047112000,49888,792,79,36,047,112000
1052,36047112200,43485,681,120,36,047,112200
1053,36047112400,53276,638,35,36,047,112400
1054,36047112600,30791,883,46,36,047,112600
1055,36047112800,36786,1034,45,36,047,112800
1056,36047113000,29722,877,86,36,047,113000
1057,36047113200,47708,330,31,36,047,113200
1058,36047113400,15682,764,23,36,047,113400
1059,36047114201,43546,264,41,36,047,114201
1060,36047114202,26318,485,47,36,047,114202
1061,36047114400,33071,462,50,36,047,114400
1062,36047114600,39231,395,89,36,047,114600
1063,36047115000,32361,530,18,36,047,115000
1064,36047115200,18293,648,4,36,047,115200
1065,36047115600,17624,1214,147,36,047,115600
1066,36047115800,43603,469,47,36,047,115800
1067,36047116000,28973,472,21,36,047,116000
1068,36047116200,42381,236,0,36,047,116200
1069,36047116400,37865,368,0,36,047,116400
1070,36047116600,38103,470,36,36,047,116600
1071,36047116800,35469,515,0,36,047,116800
1072,36047117000,37679,517,0,36,047,117000
1073,36047117201,44266,344,43,36,047,117201
1074,36047117202,38281,629,16,36,047,117202
1075,36047117400,51302,812,71,36,047,117400
1076,36047117601,40260,525,71,36,047,117601
1077,36047117602,33375,671,93,36,047,117602
1078,36047117800,43500,325,12,36,047,117800
1079,36047118000,-666666666,0,0,36,047,118000
1080,36047118201,54605,529,31,36,047,118201
1081,36047118202,31651,573,61,36,047,118202
1082,36047118400,42500,904,38,36,047,118400
1083,36047118600,49233,460,104,36,047,118600
1084,36047118800,23484,893,31,36,047,118800
1085,36047119000,29934,416,7,36,047,119000
1086,36047119200,29097,597,63,36,047,119200
1087,36047119400,22455,751,101,36,047,119400
1088,36047119600,30771,1141,46,36,047,119600
1089,36047119800,36698,711,40,36,047,119800
1090,36047120000,29537,401,0,36,047,120000
1091,36047120200,62974,256,35,36,047,120200
1092,36047120800,32417,2398,247,36,047,120800
1093,36047121000,17377,1440,278,36,047,121000
1094,36047121400,17022,1467,195,36,047,121400
1095,36047122000,39945,1305,84,36,047,122000
1096,36047123700,25742,878,89,36,047,123700
1097,36047150200,83875,459,70,36,047,150200
1098,36047152200,82583,405,53,36,047,152200
1099,36047990100,-666666666,0,0,36,047,990100
1100,36061000100,-666666666,0,0,36,061,000100
1101,36061000201,18831,979,90,36,061,000201
1102,36061000202,27288,2713,251,36,061,000202
1103,36061000500,-666666666,0,0,36,061,000500
1104,36061000600,18024,3505,388,36,061,000600
1105,36061000700,115472,2348,275,36,061,000700
1106,36061000800,30739,4116,528,36,061,000800
1107,36061000900,112083,181,12,36,061,000900
1108,36061001001,77311,274,43,36,061,001001
1109,36061001002,17828,2315,387,36,061,001002
1110,36061001200,42862,1010,35,36,061,001200
1111,36061001300,111220,1961,279,36,061,001300
1112,36061001401,93000,368,74,36,061,001401
1113,36061001402,35975,1237,99,36,061,001402
1114,36061001501,48359,1624,202,36,061,001501
1115,36061001502,123056,2122,255,36,061,001502
1116,36061001600,26298,2512,242,36,061,001600
1117,36061001800,42734,2879,307,36,061,001800
1118,36061002000,17022,1759,201,36,061,002000
1119,36061002100,203849,1078,175,36,061,002100
1120,36061002201,41166,2329,265,36,061,002201
1121,36061002202,95125,840,66,36,061,002202
1122,36061002400,18395,1626,183,36,061,002400
1123,36061002500,16299,1829,289,36,061,002500
1124,36061002601,38468,1197,87,36,061,002601
1125,36061002602,55333,1621,244,36,061,002602
1126,36061002700,53125,208,8,36,061,002700
1127,36061002800,41523,2528,348,36,061,002800
1128,36061002900,30962,2016,183,36,061,002900
1129,36061003001,64365,1989,143,36,061,003001
1130,36061003002,42529,1593,199,36,061,003002
1131,36061003100,104405,544,74,36,061,003100
1132,36061003200,52203,3842,311,36,061,003200
1133,36061003300,161328,1240,94,36,061,003300
1134,36061003400,63243,3114,465,36,061,003400
1135,36061003601,38298,1222,174,36,061,003601
1136,36061003602,60089,998,49,36,061,003602
1137,36061003700,81875,687,96,36,061,003700
1138,36061003800,53413,4621,518,36,061,003800
1139,36061003900,73150,1501,186,36,061,003900
1140,36061004000,78810,2977,337,36,061,004000
1141,36061004100,26627,2901,300,36,061,004100
1142,36061004200,97050,1116,112,36,061,004200
1143,36061004300,65824,2036,149,36,061,004300
1144,36061004400,88401,8017,1389,36,061,004400
1145,36061004500,112500,280,0,36,061,004500
1146,36061004700,90547,935,150,36,061,004700
1147,36061004800,85556,1942,243,36,061,004800
1148,36061004900,97675,1853,139,36,061,004900
1149,36061005000,116987,1612,173,36,061,005000
1150,36061005200,144688,653,144,36,061,005200
1151,36061005400,110819,1015,205,36,061,005400
1152,36061005501,111654,1507,356,36,061,005501
1153,36061005502,111814,632,65,36,061,005502
1154,36061005600,131250,769,55,36,061,005600
1155,36061005700,119643,882,98,36,061,005700
1156,36061005800,133641,1757,313,36,061,005800
1157,36061005900,90982,1149,127,36,061,005900
1158,36061006000,102356,2381,305,36,061,006000
1159,36061006100,108796,1094,95,36,061,006100
1160,36061006200,92582,1573,137,36,061,006200
1161,36061006300,121250,1971,249,36,061,006300
1162,36061006400,86713,3007,428,36,061,006400
1163,36061006500,66079,2541,328,36,061,006500
1164,36061006600,70027,4640,751,36,061,006600
1165,36061006700,76806,2738,301,36,061,006700
1166,36061006800,96905,2646,418,36,061,006800
1167,36061006900,151927,780,80,36,061,006900
1168,36061007000,102391,3947,448,36,061,007000
1169,36061007100,106176,1931,165,36,061,007100
1170,36061007200,81778,3444,236,36,061,007200
1171,36061007300,96816,3030,308,36,061,007300
1172,36061007400,124340,1465,325,36,061,007400
1173,36061007500,100000,1530,222,36,061,007500
1174,36061007600,59688,1081,158,36,061,007600
1175,36061007700,80747,2501,199,36,061,007700
1176,36061007800,92418,2789,424,36,061,007800
1177,36061007900,123542,1656,276,36,061,007900
1178,36061008000,114706,1773,189,36,061,008000
1179,36061008100,87731,3323,458,36,061,008100
1180,36061008200,85565,1161,77,36,061,008200
1181,36061008300,33287,1439,206,36,061,008300
1182,36061008400,100455,601,110,36,061,008400
1183,36061008601,137366,833,153,36,061,008601
1184,36061008602,-666666666,0,0,36,061,008602
1185,36061008603,131190,791,64,36,061,008603
1186,36061008700,109638,2420,358,36,061,008700
1187,36061008800,92403,2440,342,36,061,008800
1188,36061008900,79688,2456,174,36,061,008900
1189,36061009000,117614,2957,410,36,061,009000
1190,36061009100,108976,2164,277,36,061,009100
1191,36061009200,104023,887,150,36,061,009200
1192,36061009300,70690,2926,373,36,061,009300
1193,36061009400,9750,18,0,36,061,009400
1194,36061009500,101500,541,60,36,061,009500
1195,36061009600,36906,79,0,36,061,009600
1196,36061009700,42568,1496,162,36,061,009700
1197,36061009800,101191,2511,351,36,061,009800
1198,36061009900,122031,553,73,36,061,009900
1199,36061010000,82488,903,54,36,061,010000
1200,36061010100,75375,248,20,36,061,010100
1201,36061010200,41809,23,0,36,061,010200
1202,36061010300,88910,1069,150,36,061,010300
1203,36061010400,85455,338,34,36,061,010400
1204,36061010601,126491,1480,140,36,061,010601
1205,36061010602,100110,1894,253,36,061,010602
1206,36061010800,104906,2940,262,36,061,010800
1207,36061010900,151389,18,9,36,061,010900
1208,36061011000,100605,3042,374,36,061,011000
1209,36061011100,65536,1300,162,36,061,011100
1210,36061011201,122125,368,60,36,061,011201
1211,36061011202,116058,0,0,36,061,011202
1212,36061011203,83571,361,11,36,061,011203
1213,36061011300,113618,75,0,36,061,011300
1214,36061011401,116576,349,23,36,061,011401
1215,36061011402,102432,449,43,36,061,011402
1216,36061011500,84453,723,115,36,061,011500
1217,36061011600,66333,1783,355,36,061,011600
1218,36061011700,81250,922,120,36,061,011700
1219,36061011800,107442,3566,349,36,061,011800
1220,36061011900,13856,911,123,36,061,011900
1221,36061012000,161797,560,109,36,061,012000
1222,36061012100,55611,5037,717,36,061,012100
1223,36061012200,137500,561,98,36,061,012200
1224,36061012400,86857,4345,637,36,061,012400
1225,36061012500,113846,1272,197,36,061,012500
1226,36061012600,94065,4480,524,36,061,012600
1227,36061012700,65507,2989,506,36,061,012700
1228,36061012800,144453,922,44,36,061,012800
1229,36061012900,76082,2116,176,36,061,012900
1230,36061013000,232768,618,13,36,061,013000
1231,36061013100,101799,1444,249,36,061,013100
1232,36061013200,72258,4475,484,36,061,013200
1233,36061013300,75931,2858,404,36,061,013300
1234,36061013400,100653,3976,622,36,061,013400
1235,36061013500,33654,3008,465,36,061,013500
1236,36061013600,92956,5579,504,36,061,013600
1237,36061013700,117242,2783,395,36,061,013700
1238,36061013800,93307,4901,686,36,061,013800
1239,36061013900,74886,4288,622,36,061,013900
1240,36061014000,154920,1763,210,36,061,014000
1241,36061014200,222829,557,141,36,061,014200
1242,36061014300,-666666666,0,0,36,061,014300
1243,36061014401,126518,1376,227,36,061,014401
1244,36061014402,90156,2315,308,36,061,014402
1245,36061014500,126406,1514,164,36,061,014500
1246,36061014601,89846,1925,312,36,061,014601
1247,36061014602,100410,3410,620,36,061,014602
1248,36061014700,92891,846,146,36,061,014700
1249,36061014801,144167,784,58,36,061,014801
1250,36061014802,103203,1990,352,36,061,014802
1251,36061014900,127672,1588,136,36,061,014900
1252,36061015001,126591,405,13,36,061,015001
1253,36061015002,170486,523,97,36,061,015002
1254,36061015100,45880,2979,399,36,061,015100
1255,36061015200,69899,2850,269,36,061,015200
1256,36061015300,126701,3091,377,36,061,015300
1257,36061015400,82000,5231,681,36,061,015400
1258,36061015500,104643,2085,313,36,061,015500
1259,36061015601,86118,2601,388,36,061,015601
1260,36061015602,39375,934,107,36,061,015602
1261,36061015700,102031,3935,762,36,061,015700
1262,36061015801,136378,1254,195,36,061,015801
1263,36061015802,74496,1611,192,36,061,015802
1264,36061015900,117984,2240,304,36,061,015900
1265,36061016001,189936,345,67,36,061,016001
1266,36061016002,78583,726,63,36,061,016002
1267,36061016100,118167,2798,441,36,061,016100
1268,36061016200,30016,3397,348,36,061,016200
1269,36061016300,100617,2390,328,36,061,016300
1270,36061016400,31903,2391,273,36,061,016400
1271,36061016500,122056,1788,269,36,061,016500
1272,36061016600,34491,2754,341,36,061,016600
1273,36061016700,134196,2069,315,36,061,016700
1274,36061016800,22246,1481,154,36,061,016800
1275,36061016900,104530,3141,552,36,061,016900
1276,36061017000,39611,2765,443,36,061,017000
1277,36061017100,117474,3012,406,36,061,017100
1278,36061017200,26853,1939,265,36,061,017200
1279,36061017300,101162,3280,412,36,061,017300
1280,36061017401,25809,1874,245,36,061,017401
1281,36061017402,25938,823,91,36,061,017402
1282,36061017500,123771,2824,416,36,061,017500
1283,36061017700,52727,3252,475,36,061,017700
1284,36061017800,33705,1503,244,36,061,017800
1285,36061017900,72650,3109,445,36,061,017900
1286,36061018000,23311,2452,317,36,061,018000
1287,36061018100,73169,3392,501,36,061,018100
1288,36061018200,22395,2501,302,36,061,018200
1289,36061018300,79453,3268,433,36,061,018300
1290,36061018400,27236,2680,315,36,061,018400
1291,36061018500,78966,1728,316,36,061,018500
1292,36061018600,18189,1912,276,36,061,018600
1293,36061018700,69917,3077,428,36,061,018700
1294,36061018800,34375,1882,155,36,061,018800
1295,36061018900,27568,4422,738,36,061,018900
1296,36061019000,54135,722,113,36,061,019000
1297,36061019100,82732,2960,440,36,061,019100
1298,36061019200,16157,1219,93,36,061,019200
1299,36061019300,40597,3164,514,36,061,019300
1300,36061019400,16851,2039,193,36,061,019400
1301,36061019500,80809,2336,306,36,061,019500
1302,36061019600,18361,1290,91,36,061,019600
1303,36061019701,96094,178,29,36,061,019701
1304,36061019702,59091,747,155,36,061,019702
1305,36061019800,51042,521,56,36,061,019800
1306,36061019900,52715,2368,191,36,061,019900
1307,36061020000,47530,907,116,36,061,020000
1308,36061020101,81648,195,56,36,061,020101
1309,36061020102,37798,1407,194,36,061,020102
1310,36061020300,34353,396,42,36,061,020300
1311,36061020500,118750,979,151,36,061,020500
1312,36061020600,31389,957,83,36,061,020600
1313,36061020701,36953,1010,124,36,061,020701
1314,36061020800,35466,1714,184,36,061,020800
1315,36061020901,21979,1269,166,36,061,020901
1316,36061021000,36922,2500,302,36,061,021000
1317,36061021100,48957,2934,405,36,061,021100
1318,36061021200,54012,2210,286,36,061,021200
1319,36061021303,40512,1964,180,36,061,021303
1320,36061021400,35768,1850,260,36,061,021400
1321,36061021500,26750,1192,149,36,061,021500
1322,36061021600,40833,2477,306,36,061,021600
1323,36061021703,-666666666,0,0,36,061,021703
1324,36061021800,37026,2239,129,36,061,021800
1325,36061021900,18869,1935,193,36,061,021900
1326,36061022000,35313,1868,100,36,061,022000
1327,36061022102,41000,734,65,36,061,022102
1328,36061022200,31087,880,154,36,061,022200
1329,36061022301,24690,2049,133,36,061,022301
1330,36061022302,17923,1384,140,36,061,022302
1331,36061022400,18253,2192,353,36,061,022400
1332,36061022500,32813,2824,253,36,061,022500
1333,36061022600,33794,1370,112,36,061,022600
1334,36061022700,36250,1708,178,36,061,022700
1335,36061022800,32218,1557,152,36,061,022800
1336,36061022900,34713,2347,296,36,061,022900
1337,36061023000,21927,3477,235,36,061,023000
1338,36061023100,37220,2115,257,36,061,023100
1339,36061023200,22955,2800,294,36,061,023200
1340,36061023300,31264,2089,141,36,061,023300
1341,36061023400,40371,1824,239,36,061,023400
1342,36061023501,34679,2067,226,36,061,023501
1343,36061023502,24866,739,81,36,061,023502
1344,36061023600,36791,2158,313,36,061,023600
1345,36061023700,34016,2218,158,36,061,023700
1346,36061023801,62156,3125,361,36,061,023801
1347,36061023802,109375,289,54,36,061,023802
1348,36061023900,20731,857,68,36,061,023900
1349,36061024000,-666666666,0,0,36,061,024000
1350,36061024100,41018,2413,217,36,061,024100
1351,36061024200,21276,1090,119,36,061,024200
1352,36061024301,29344,1229,136,36,061,024301
1353,36061024302,16505,2415,231,36,061,024302
1354,36061024500,34802,4522,502,36,061,024500
1355,36061024700,34604,2158,182,36,061,024700
1356,36061024900,29500,326,48,36,061,024900
1357,36061025100,33561,747,88,36,061,025100
1358,36061025300,35244,3544,526,36,061,025300
1359,36061025500,40294,1836,157,36,061,025500
1360,36061025700,50979,1125,252,36,061,025700
1361,36061025900,51536,783,70,36,061,025900
1362,36061026100,30987,3625,278,36,061,026100
1363,36061026300,24859,2698,120,36,061,026300
1364,36061026500,41144,2126,278,36,061,026500
1365,36061026700,23393,547,39,36,061,026700
1366,36061026900,26362,2450,239,36,061,026900
1367,36061027100,38125,2517,245,36,061,027100
1368,36061027300,62631,2245,292,36,061,027300
1369,36061027500,75750,809,170,36,061,027500
1370,36061027700,27373,2010,104,36,061,027700
1371,36061027900,36731,3617,614,36,061,027900
1372,36061028100,80714,943,152,36,061,028100
1373,36061028300,37252,2509,344,36,061,028300
1374,36061028500,26229,2590,162,36,061,028500
1375,36061028700,48651,1513,265,36,061,028700
1376,36061029100,31525,3540,414,36,061,029100
1377,36061029300,35945,2795,417,36,061,029300
1378,36061029500,51045,2931,342,36,061,029500
1379,36061029700,-666666666,0,0,36,061,029700
1380,36061029900,21909,1364,155,36,061,029900
1381,36061030300,48962,1601,159,36,061,030300
1382,36061030700,63269,1129,151,36,061,030700
1383,36061030900,35769,2965,458,36,061,030900
1384,36061031100,-666666666,0,0,36,061,031100
1385,36061031703,159969,3159,345,36,061,031703
1386,36061031704,151815,1423,291,36,061,031704
1387,36061031900,-666666666,0,0,36,061,031900
1388,36081052500,75903,333,73,36,081,052500
1389,36081052600,74457,115,0,36,081,052600
1390,36081052800,46964,165,31,36,081,052800
1391,36081053000,57132,130,16,36,081,053000
1392,36081053100,54068,688,169,36,081,053100
1393,36081053200,81731,69,0,36,081,053200
1394,36081053401,87895,163,9,36,081,053401
1395,36081053500,48080,277,64,36,081,053500
1396,36081053601,85530,116,16,36,081,053601
1397,36081053800,74853,103,10,36,081,053800
1398,36081053900,55872,671,63,36,081,053900
1399,36081054000,63750,527,69,36,081,054000
1400,36081054200,78074,155,20,36,081,054200
1401,36081054500,41801,1157,151,36,081,054500
1402,36081054700,44823,1052,199,36,081,054700
1403,36081054800,88500,162,0,36,081,054800
1404,36081054900,44280,1590,222,36,081,054900
1405,36081055100,39426,1336,107,36,081,055100
1406,36081055200,53170,548,57,36,081,055200
1407,36081055300,31850,713,31,36,081,055300
1408,36081055400,73643,284,11,36,081,055400
1409,36081055500,43333,475,37,36,081,055500
1410,36081055600,70214,67,22,36,081,055600
1411,36081055700,39226,1025,99,36,081,055700
1412,36081055800,72480,45,0,36,081,055800
1413,36081055900,20282,275,28,36,081,055900
1414,36081056000,71684,117,20,36,081,056000
1415,36081056100,104875,19,19,36,081,056100
1416,36081056200,62260,40,7,36,081,056200
1417,36081056400,66823,334,37,36,081,056400
1418,36081056500,45711,252,29,36,081,056500
1419,36081056600,79135,157,21,36,081,056600
1420,36081056700,58811,601,16,36,081,056700
1421,36081056800,62354,662,99,36,081,056800
1422,36081057700,46708,834,82,36,081,057700
1423,36081057900,23800,449,20,36,081,057900
1424,36081058000,83510,176,11,36,081,058000
1425,36081058100,48370,541,49,36,081,058100
1426,36081058200,63464,335,25,36,081,058200
1427,36081058300,53523,742,117,36,081,058300
1428,36081058500,49792,1010,138,36,081,058500
1429,36081058700,45287,1006,67,36,081,058700
1430,36081058900,46189,1270,106,36,081,058900
1431,36081059000,73158,34,0,36,081,059000
1432,36081059100,43300,1571,116,36,081,059100
1433,36081059200,85577,58,0,36,081,059200
1434,36081059300,51964,769,133,36,081,059300
1435,36081059400,85758,91,0,36,081,059400
1436,36081059500,55806,1055,117,36,081,059500
1437,36081059600,87143,113,28,36,081,059600
1438,36081059800,67763,95,24,36,081,059800
1439,36081059900,71932,60,0,36,081,059900
1440,36081060000,62250,25,13,36,081,060000
1441,36081060100,55435,397,0,36,081,060100
1442,36081060300,48445,338,26,36,081,060300
1443,36081060600,76146,95,0,36,081,060600
1444,36081060701,-666666666,0,0,36,081,060701
1445,36081060800,92328,56,0,36,081,060800
1446,36081061000,67321,81,4,36,081,061000
1447,36081061200,110492,52,22,36,081,061200
1448,36081061301,60426,1301,135,36,081,061301
1449,36081061302,-666666666,0,0,36,081,061302
1450,36081061400,108438,31,0,36,081,061400
1451,36081061601,97666,70,22,36,081,061601
1452,36081061602,78500,124,0,36,081,061602
1453,36081061800,56118,99,46,36,081,061800
1454,36081061900,53631,592,73,36,081,061900
1455,36081062000,84609,95,0,36,081,062000
1456,36081062100,52331,416,62,36,081,062100
1457,36081062200,79583,107,0,36,081,062200
1458,36081062300,52992,364,21,36,081,062300
1459,36081062400,-666666666,0,0,36,081,062400
1460,36081062500,60750,456,85,36,081,062500
1461,36081062600,81550,124,0,36,081,062600
1462,36081062700,56071,517,112,36,081,062700
1463,36081062900,44682,649,81,36,081,062900
1464,36081063000,85078,47,0,36,081,063000
1465,36081063200,96958,40,0,36,081,063200
1466,36081063301,71354,181,9,36,081,063301
1467,36081063302,67933,209,8,36,081,063302
1468,36081063500,62530,297,14,36,081,063500
1469,36081063700,54767,239,14,36,081,063700
1470,36081063800,77667,200,0,36,081,063800
1471,36081063900,59115,487,93,36,081,063900
1472,36081064101,52375,239,43,36,081,064101
1473,36081064102,34875,10,0,36,081,064102
1474,36081064500,76806,245,80,36,081,064500
1475,36081064600,77857,93,0,36,081,064600
1476,36081065000,110179,76,41,36,081,065000
1477,36081065400,80852,178,7,36,081,065400
1478,36081065501,-666666666,0,0,36,081,065501
1479,36081065600,85833,413,92,36,081,065600
1480,36081065702,44688,241,32,36,081,065702
1481,36081065703,63934,384,34,36,081,065703
1482,36081065900,77344,68,11,36,081,065900
1483,36081066000,83750,240,67,36,081,066000
1484,36081066100,78438,267,9,36,081,066100
1485,36081066300,59209,56,0,36,081,066300
1486,36081000100,117750,1210,199,36,081,000100
1487,36081000200,50761,385,23,36,081,000200
1488,36081000400,59775,665,66,36,081,000400
1489,36081000600,49017,459,58,36,081,000600
1490,36081000700,59407,1444,242,36,081,000700
1491,36081000800,65404,308,56,36,081,000800
1492,36081001000,58537,470,0,36,081,001000
1493,36081001200,57885,624,44,36,081,001200
1494,36081001400,58438,568,56,36,081,001400
1495,36081001600,46473,264,10,36,081,001600
1496,36081001800,55270,434,19,36,081,001800
1497,36081001900,73690,225,68,36,081,001900
1498,36081002000,53818,231,43,36,081,002000
1499,36081002200,44286,559,154,36,081,002200
1500,36081002400,72402,294,50,36,081,002400
1501,36081002500,18775,2901,424,36,081,002500
1502,36081002600,81291,240,27,36,081,002600
1503,36081002800,57778,475,63,36,081,002800
1504,36081003000,52813,177,28,36,081,003000
1505,36081003100,39554,471,39,36,081,003100
1506,36081003200,72670,177,17,36,081,003200
1507,36081003300,55625,527,39,36,081,003300
1508,36081003400,58021,244,0,36,081,003400
1509,36081003600,52656,568,88,36,081,003600
1510,36081003700,-666666666,32,0,36,081,003700
1511,36081003800,54947,415,66,36,081,003800
1512,36081003900,33750,327,63,36,081,003900
1513,36081004001,48176,405,28,36,081,004001
1514,36081004002,61050,230,80,36,081,004002
1515,36081004200,51603,601,41,36,081,004200
1516,36081004300,16638,980,81,36,081,004300
1517,36081004401,50438,575,83,36,081,004401
1518,36081004500,61667,483,55,36,081,004500
1519,36081004700,33324,1730,216,36,081,004700
1520,36081005000,-666666666,0,0,36,081,005000
1521,36081005100,34755,588,76,36,081,005100
1522,36081005200,53111,364,55,36,081,005200
1523,36081005300,50313,1941,326,36,081,005300
1524,36081005400,58100,514,50,36,081,005400
1525,36081005500,49902,334,69,36,081,005500
1526,36081005700,47024,1469,181,36,081,005700
1527,36081005800,57157,873,24,36,081,005800
1528,36081005900,53613,1543,199,36,081,005900
1529,36081006100,52234,2385,231,36,081,006100
1530,36081006201,55197,461,63,36,081,006201
1531,36081006202,55913,1321,92,36,081,006202
1532,36081006300,47817,2279,350,36,081,006300
1533,36081006501,53235,1613,204,36,081,006501
1534,36081006502,55000,1336,160,36,081,006502
1535,36081006900,52549,1487,137,36,081,006900
1536,36081007100,44653,1432,137,36,081,007100
1537,36081007300,59886,1606,191,36,081,007300
1538,36081007500,34386,1742,197,36,081,007500
1539,36081007700,64732,397,55,36,081,007700
1540,36081007900,42333,932,76,36,081,007900
1541,36081008100,55917,228,22,36,081,008100
1542,36081008300,47879,872,74,36,081,008300
1543,36081008500,51413,240,45,36,081,008500
1544,36081008600,64286,259,26,36,081,008600
1545,36081008700,24336,1390,285,36,081,008700
1546,36081008800,67639,310,49,36,081,008800
1547,36081009100,64777,832,94,36,081,009100
1548,36081009400,40385,523,35,36,081,009400
1549,36081009500,54533,722,90,36,081,009500
1550,36081009600,55580,356,0,36,081,009600
1551,36081009700,66058,1044,184,36,081,009700
1552,36081009800,43150,425,18,36,081,009800
1553,36081009900,-666666666,0,0,36,081,009900
1554,36081010000,69563,270,33,36,081,010000
1555,36081010100,57097,596,107,36,081,010100
1556,36081010200,60448,246,9,36,081,010200
1557,36081010300,48106,1434,132,36,081,010300
1558,36081010400,63649,376,35,36,081,010400
1559,36081010500,33211,1414,113,36,081,010500
1560,36081010600,49931,361,39,36,081,010600
1561,36081010701,-666666666,0,0,36,081,010701
1562,36081010800,57983,436,23,36,081,010800
1563,36081011000,46454,334,0,36,081,011000
1564,36081011100,79948,612,157,36,081,011100
1565,36081011200,45987,391,47,36,081,011200
1566,36081011300,52810,1173,201,36,081,011300
1567,36081011400,50556,179,42,36,081,011400
1568,36081011500,53703,846,130,36,081,011500
1569,36081011600,34513,257,6,36,081,011600
1570,36081011700,56974,1279,151,36,081,011700
1571,36081011800,58009,334,0,36,081,011800
1572,36081011900,48250,595,59,36,081,011900
1573,36081012000,64102,210,48,36,081,012000
1574,36081012100,48197,695,60,36,081,012100
1575,36081012200,46025,382,26,36,081,012200
1576,36081012301,60057,625,77,36,081,012301
1577,36081012400,47179,457,36,36,081,012400
1578,36081012500,53226,687,109,36,081,012500
1579,36081012601,54130,328,0,36,081,012601
1580,36081012602,53958,274,77,36,081,012602
1581,36081012800,54207,404,21,36,081,012800
1582,36081013000,86103,255,36,36,081,013000
1583,36081013200,56071,292,11,36,081,013200
1584,36081013400,57985,1760,279,36,081,013400
1585,36081013500,57384,205,9,36,081,013500
1586,36081013600,46250,483,9,36,081,013600
1587,36081013700,62656,389,86,36,081,013700
1588,36081013800,51844,890,160,36,081,013800
1589,36081014000,62563,809,155,36,081,014000
1590,36081014100,49375,638,119,36,081,014100
1591,36081014201,50991,597,50,36,081,014201
1592,36081014202,49913,396,34,36,081,014202
1593,36081014300,56115,1433,262,36,081,014300
1594,36081014400,54291,333,26,36,081,014400
1595,36081014500,60405,735,136,36,081,014500
1596,36081014700,52739,984,110,36,081,014700
1597,36081014800,55822,196,0,36,081,014800
1598,36081014900,46266,855,78,36,081,014900
1599,36081015000,69135,148,22,36,081,015000
1600,36081015100,62083,764,92,36,081,015100
1601,36081015200,51143,364,0,36,081,015200
1602,36081015300,55182,674,119,36,081,015300
1603,36081015400,64232,301,45,36,081,015400
1604,36081015500,56694,751,118,36,081,015500
1605,36081015600,67115,370,28,36,081,015600
1606,36081015700,42538,612,91,36,081,015700
1607,36081015801,47139,398,0,36,081,015801
1608,36081015802,50417,465,0,36,081,015802
1609,36081015900,43664,1658,228,36,081,015900
1610,36081016100,47606,513,57,36,081,016100
1611,36081016300,28555,1412,149,36,081,016300
1612,36081016400,51964,282,0,36,081,016400
1613,36081016600,48795,475,84,36,081,016600
1614,36081016800,50868,188,31,36,081,016800
1615,36081016900,61346,1533,167,36,081,016900
1616,36081017000,50234,229,11,36,081,017000
1617,36081017100,-666666666,0,0,36,081,017100
1618,36081017200,58261,54,7,36,081,017200
1619,36081017400,62951,155,21,36,081,017400
1620,36081017600,59243,201,39,36,081,017600
1621,36081017800,46401,227,0,36,081,017800
1622,36081017900,31865,414,16,36,081,017900
1623,36081018000,48438,68,0,36,081,018000
1624,36081018101,40685,1634,260,36,081,018101
1625,36081018102,55521,1587,285,36,081,018102
1626,36081018200,46963,191,20,36,081,018200
1627,36081018300,49773,2216,324,36,081,018300
1628,36081018401,43958,309,40,36,081,018401
1629,36081018402,73587,121,0,36,081,018402
1630,36081018501,59018,1056,200,36,081,018501
1631,36081018502,52926,1326,134,36,081,018502
1632,36081018600,54405,99,0,36,081,018600
1633,36081018700,61094,538,78,36,081,018700
1634,36081018800,86739,44,0,36,081,018800
1635,36081018900,54420,1060,170,36,081,018900
1636,36081019000,60305,139,22,36,081,019000
1637,36081019200,62692,73,14,36,081,019200
1638,36081019400,59476,224,0,36,081,019400
1639,36081019600,51930,441,49,36,081,019600
1640,36081019800,41637,346,0,36,081,019800
1641,36081019900,51164,185,51,36,081,019900
1642,36081020200,53692,18,18,36,081,020200
1643,36081020400,37153,356,19,36,081,020400
1644,36081020500,47734,154,0,36,081,020500
1645,36081020600,52500,185,0,36,081,020600
1646,36081020800,46667,436,59,36,081,020800
1647,36081021200,36484,520,83,36,081,021200
1648,36081021400,51313,1295,120,36,081,021400
1649,36081021600,61900,1251,160,36,081,021600
1650,36081021900,-666666666,0,0,36,081,021900
1651,36081022001,53058,1996,377,36,081,022001
1652,36081022002,63943,1212,203,36,081,022002
1653,36081022900,-666666666,0,0,36,081,022900
1654,36081023000,69306,120,9,36,081,023000
1655,36081023200,66311,836,147,36,081,023200
1656,36081023500,48832,2393,278,36,081,023500
1657,36081023600,37106,537,71,36,081,023600
1658,36081023800,41379,1226,209,36,081,023800
1659,36081024000,40329,1397,136,36,081,024000
1660,36081024300,53241,751,121,36,081,024300
1661,36081024500,32100,1283,82,36,081,024500
1662,36081024600,-666666666,0,0,36,081,024600
1663,36081024700,64474,323,48,36,081,024700
1664,36081024900,62186,1585,291,36,081,024900
1665,36081025100,60258,1347,229,36,081,025100
1666,36081025301,49423,1637,169,36,081,025301
1667,36081025302,47539,1009,124,36,081,025302
1668,36081025400,25966,2119,106,36,081,025400
1669,36081025500,56354,261,29,36,081,025500
1670,36081025700,64940,286,12,36,081,025700
1671,36081025800,59615,47,0,36,081,025800
1672,36081025900,52188,980,80,36,081,025900
1673,36081026000,43409,418,110,36,081,026000
1674,36081026100,46675,2127,238,36,081,026100
1675,36081026200,49972,191,15,36,081,026200
1676,36081026300,47791,1496,296,36,081,026300
1677,36081026400,44643,249,8,36,081,026400
1678,36081026500,42528,1178,202,36,081,026500
1679,36081026600,24762,561,64,36,081,026600
1680,36081026700,42940,1401,177,36,081,026700
1681,36081026901,39707,1436,101,36,081,026901
1682,36081026902,35298,1009,89,36,081,026902
1683,36081027000,62604,73,0,36,081,027000
1684,36081027100,36532,2259,126,36,081,027100
1685,36081027200,46823,181,63,36,081,027200
1686,36081027300,48953,1857,214,36,081,027300
1687,36081027400,59261,144,0,36,081,027400
1688,36081027500,46500,1038,94,36,081,027500
1689,36081027600,51492,183,14,36,081,027600
1690,36081027700,39994,1898,137,36,081,027700
1691,36081027800,24832,623,68,36,081,027800
1692,36081027900,43984,1722,192,36,081,027900
1693,36081028000,65781,105,16,36,081,028000
1694,36081028100,58763,1517,256,36,081,028100
1695,36081028200,72635,145,0,36,081,028200
1696,36081028300,41350,1880,92,36,081,028300
1697,36081028400,74375,379,28,36,081,028400
1698,36081028500,66563,884,57,36,081,028500
1699,36081028700,43811,1732,198,36,081,028700
1700,36081028800,68257,374,16,36,081,028800
1701,36081028900,52549,1531,249,36,081,028900
1702,36081029100,50413,1482,309,36,081,029100
1703,36081029300,72750,168,0,36,081,029300
1704,36081029400,65986,990,157,36,081,029400
1705,36081029500,61176,765,0,36,081,029500
1706,36081029700,61458,269,33,36,081,029700
1707,36081029900,-666666666,0,0,36,081,029900
1708,36081030600,66360,312,38,36,081,030600
1709,36081030902,48936,1536,150,36,081,030902
1710,36081030903,51250,799,69,36,081,030903
1711,36081030904,54611,761,80,36,081,030904
1712,36081031700,62661,911,28,36,081,031700
1713,36081032000,79821,177,47,36,081,032000
1714,36081032700,54741,700,82,36,081,032700
1715,36081032800,69044,215,17,36,081,032800
1716,36081032900,60738,307,9,36,081,032900
1717,36081033000,70019,551,101,36,081,033000
1718,36081033100,-666666666,0,0,36,081,033100
1719,36081033401,65038,333,67,36,081,033401
1720,36081033402,45596,5043,978,36,081,033402
1721,36081033700,40163,415,74,36,081,033700
1722,36081033900,58158,540,42,36,081,033900
1723,36081034700,60394,421,50,36,081,034700
1724,36081035100,58059,407,20,36,081,035100
1725,36081035200,66113,86,22,36,081,035200
1726,36081035300,57899,372,0,36,081,035300
1727,36081035700,46279,377,13,36,081,035700
1728,36081035800,70918,340,22,36,081,035800
1729,36081036100,36055,517,0,36,081,036100
1730,36081036300,51399,397,0,36,081,036300
1731,36081036500,62083,491,64,36,081,036500
1732,36081036600,45000,395,0,36,081,036600
1733,36081036700,58047,216,19,36,081,036700
1734,36081036800,64271,222,15,36,081,036800
1735,36081037100,61346,185,0,36,081,037100
1736,36081037300,56625,519,8,36,081,037300
1737,36081037500,45043,892,29,36,081,037500
1738,36081037600,70767,420,66,36,081,037600
1739,36081037700,44632,617,74,36,081,037700
1740,36081037900,53500,924,88,36,081,037900
1741,36081038100,40237,1004,121,36,081,038100
1742,36081038301,-666666666,0,0,36,081,038301
1743,36081038302,97500,18,0,36,081,038302
1744,36081038400,71923,114,0,36,081,038400
1745,36081039400,65885,247,12,36,081,039400
1746,36081039800,65357,127,0,36,081,039800
1747,36081039900,61932,704,128,36,081,039900
1748,36081040000,46970,69,0,36,081,040000
1749,36081040100,42816,1083,172,36,081,040100
1750,36081040200,92576,129,56,36,081,040200
1751,36081040300,53643,1158,156,36,081,040300
1752,36081040400,49375,513,47,36,081,040400
1753,36081040500,51853,662,145,36,081,040500
1754,36081040700,47094,1439,221,36,081,040700
1755,36081040900,29129,904,66,36,081,040900
1756,36081041100,36087,496,14,36,081,041100
1757,36081041300,45411,684,49,36,081,041300
1758,36081041400,43525,529,35,36,081,041400
1759,36081041500,50227,719,46,36,081,041500
1760,36081042400,69662,86,0,36,081,042400
1761,36081042600,-666666666,0,0,36,081,042600
1762,36081042700,54130,847,107,36,081,042700
1763,36081043200,76486,41,0,36,081,043200
1764,36081043400,53750,88,0,36,081,043400
1765,36081043701,41132,438,0,36,081,043701
1766,36081043702,43843,836,26,36,081,043702
1767,36081043900,52870,697,84,36,081,043900
1768,36081044000,51379,514,75,36,081,044000
1769,36081044301,31991,1157,132,36,081,044301
1770,36081044302,42688,887,80,36,081,044302
1771,36081044400,24543,574,39,36,081,044400
1772,36081044601,45292,883,47,36,081,044601
1773,36081044602,40893,1041,100,36,081,044602
1774,36081044800,52424,508,79,36,081,044800
1775,36081045000,44257,273,47,36,081,045000
1776,36081045200,66063,147,0,36,081,045200
1777,36081045400,49590,881,54,36,081,045400
1778,36081045500,49281,4302,522,36,081,045500
1779,36081045600,52176,118,17,36,081,045600
1780,36081045700,47471,471,52,36,081,045700
1781,36081045800,66875,379,80,36,081,045800
1782,36081045900,68981,777,106,36,081,045900
1783,36081046000,27685,1689,172,36,081,046000
1784,36081046100,48607,521,39,36,081,046100
1785,36081046200,40202,1244,152,36,081,046200
1786,36081046300,50000,888,193,36,081,046300
1787,36081046400,66281,223,44,36,081,046400
1788,36081046500,45337,758,10,36,081,046500
1789,36081046600,60943,748,82,36,081,046600
1790,36081046700,41039,1820,153,36,081,046700
1791,36081046800,44618,579,48,36,081,046800
1792,36081046900,37420,2265,287,36,081,046900
1793,36081047000,60350,312,27,36,081,047000
1794,36081047100,32042,1028,77,36,081,047100
1795,36081047200,62441,738,145,36,081,047200
1796,36081047300,55532,956,159,36,081,047300
1797,36081047500,45221,790,65,36,081,047500
1798,36081047600,119625,48,12,36,081,047600
1799,36081047800,58438,530,53,36,081,047800
1800,36081047900,56360,1010,71,36,081,047900
1801,36081048000,65568,185,40,36,081,048000
1802,36081048100,38680,1565,89,36,081,048100
1803,36081048200,92692,189,15,36,081,048200
1804,36081048300,47272,665,37,36,081,048300
1805,36081048400,64141,430,11,36,081,048400
1806,36081048500,44105,884,50,36,081,048500
1807,36081048900,41590,266,8,36,081,048900
1808,36081049200,49816,1295,133,36,081,049200
1809,36081049301,61095,299,33,36,081,049301
1810,36081049302,45759,542,9,36,081,049302
1811,36081049500,61552,210,9,36,081,049500
1812,36081049600,62188,174,0,36,081,049600
1813,36081049700,61012,470,47,36,081,049700
1814,36081049900,49213,679,95,36,081,049900
1815,36081050000,39656,1055,180,36,081,050000
1816,36081050201,92857,51,12,36,081,050201
1817,36081050202,66859,72,0,36,081,050202
1818,36081050400,76888,86,19,36,081,050400
1819,36081050500,82386,216,31,36,081,050500
1820,36081050600,52500,93,0,36,081,050600
1821,36081050700,75455,466,127,36,081,050700
1822,36081050800,53125,179,21,36,081,050800
1823,36081051000,87625,31,0,36,081,051000
1824,36081051100,56200,312,5,36,081,051100
1825,36081051200,81484,220,0,36,081,051200
1826,36081051300,51094,347,44,36,081,051300
1827,36081051500,57287,332,9,36,081,051500
1828,36081051600,84044,154,67,36,081,051600
1829,36081051700,61719,327,25,36,081,051700
1830,36081051800,74583,64,32,36,081,051800
1831,36081052000,84550,80,59,36,081,052000
1832,36081052100,69177,208,65,36,081,052100
1833,36081052200,90708,40,0,36,081,052200
1834,36081052400,64792,46,31,36,081,052400
1835,36085007500,55625,454,32,36,085,007500
1836,36085007700,53902,266,0,36,085,007700
1837,36085008100,43958,692,36,36,085,008100
1838,36085008900,-666666666,0,0,36,085,008900
1839,36085009601,52266,466,11,36,085,009601
1840,36085009602,51710,506,50,36,085,009602
1841,36085009700,79231,250,8,36,085,009700
1842,36085010500,52580,535,19,36,085,010500
1843,36085011201,57047,503,124,36,085,011201
1844,36085011202,80164,445,100,36,085,011202
1845,36085011401,46616,681,126,36,085,011401
1846,36085011402,56700,330,55,36,085,011402
1847,36085012100,92250,65,0,36,085,012100
1848,36085012200,68964,320,107,36,085,012200
1849,36085012500,55139,389,60,36,085,012500
1850,36085012804,79125,336,31,36,085,012804
1851,36085012805,66029,107,0,36,085,012805
1852,36085012806,56104,1165,94,36,085,012806
1853,36085013201,84263,72,37,36,085,013201
1854,36085013203,86207,328,0,36,085,013203
1855,36085013204,70234,423,38,36,085,013204
1856,36085013301,10417,550,66,36,085,013301
1857,36085013302,58942,364,0,36,085,013302
1858,36085013400,77621,338,32,36,085,013400
1859,36085013800,96932,220,56,36,085,013800
1860,36085014100,61905,552,37,36,085,014100
1861,36085014604,82546,481,44,36,085,014604
1862,36085014605,90368,130,0,36,085,014605
1863,36085014606,90987,353,141,36,085,014606
1864,36085014607,82318,199,66,36,085,014607
1865,36085014608,98980,100,11,36,085,014608
1866,36085014700,106429,219,21,36,085,014700
1867,36085015100,83003,707,70,36,085,015100
1868,36085015400,-666666666,0,0,36,085,015400
1869,36085015601,79526,491,37,36,085,015601
1870,36085015602,82844,28,0,36,085,015602
1871,36085015603,80459,240,13,36,085,015603
1872,36085016901,54506,307,23,36,085,016901
1873,36085017005,97371,206,0,36,085,017005
1874,36085017007,73542,124,0,36,085,017007
1875,36085017008,90218,284,52,36,085,017008
1876,36085017009,84706,315,52,36,085,017009
1877,36085017010,92472,276,74,36,085,017010
1878,36085017011,87981,259,61,36,085,017011
1879,36085017012,83454,182,32,36,085,017012
1880,36085017300,30625,552,0,36,085,017300
1881,36085017600,94342,210,0,36,085,017600
1882,36085017700,93491,187,72,36,085,017700
1883,36085018100,94806,202,20,36,085,018100
1884,36085018701,88929,138,47,36,085,018701
1885,36085018702,81699,469,98,36,085,018702
1886,36085018901,77169,241,10,36,085,018901
1887,36085018902,83485,446,29,36,085,018902
1888,36085019700,84615,144,39,36,085,019700
1889,36085019800,108921,267,43,36,085,019800
1890,36085020100,79291,219,19,36,085,020100
1891,36085020700,39902,704,58,36,085,020700
1892,36085020801,68855,370,93,36,085,020801
1893,36085020803,86121,422,79,36,085,020803
1894,36085020804,100842,282,38,36,085,020804
1895,36085021300,63287,688,10,36,085,021300
1896,36085022300,57974,277,0,36,085,022300
1897,36085022600,77240,395,95,36,085,022600
1898,36085022800,250001,0,0,36,085,022800
1899,36085023100,51912,353,0,36,085,023100
1900,36085023900,66189,211,32,36,085,023900
1901,36085024401,105655,263,18,36,085,024401
1902,36085024402,79615,119,0,36,085,024402
1903,36085024700,62679,333,0,36,085,024700
1904,36085024800,88413,440,68,36,085,024800
1905,36085025100,77660,332,73,36,085,025100
1906,36085027301,83505,242,41,36,085,027301
1907,36085027302,91310,275,53,36,085,027302
1908,36085027702,55370,768,69,36,085,027702
1909,36085027704,89667,224,0,36,085,027704
1910,36085027705,80192,344,14,36,085,027705
1911,36085027706,68750,199,44,36,085,027706
1912,36085027900,84398,58,44,36,085,027900
1913,36085029102,85156,113,0,36,085,029102
1914,36085029103,76555,515,65,36,085,029103
1915,36085029104,72024,316,21,36,085,029104
1916,36085030301,67431,758,88,36,085,030301
1917,36085030302,75724,512,18,36,085,030302
1918,36085031901,30492,829,65,36,085,031901
1919,36085031902,44412,630,102,36,085,031902
1920,36085032300,27600,196,30,36,085,032300
1921,36085990100,-666666666,0,0,36,085,990100
1922,36081066400,76736,1164,80,36,081,066400
1923,36081066501,56221,481,69,36,081,066501
1924,36081066701,76921,207,39,36,081,066701
1925,36081066900,66063,184,35,36,081,066900
1926,36081067100,61758,71,0,36,081,067100
1927,36081067700,71129,136,30,36,081,067700
1928,36081067900,54281,1084,219,36,081,067900
1929,36081068000,73424,367,84,36,081,068000
1930,36081068200,73068,49,17,36,081,068200
1931,36081068300,49167,1082,133,36,081,068300
1932,36081068700,65381,1091,196,36,081,068700
1933,36081069000,75559,376,8,36,081,069000
1934,36081069300,51127,765,52,36,081,069300
1935,36081069400,80208,368,38,36,081,069400
1936,36081069500,61406,455,44,36,081,069500
1937,36081069701,47075,1271,49,36,081,069701
1938,36081069702,67821,760,200,36,081,069702
1939,36081070300,68393,245,17,36,081,070300
1940,36081070700,82454,171,2,36,081,070700
1941,36081070900,102583,338,126,36,081,070900
1942,36081071100,67926,1017,125,36,081,071100
1943,36081071303,54591,1726,176,36,081,071303
1944,36081071304,49389,1667,105,36,081,071304
1945,36081071305,73333,2035,129,36,081,071305
1946,36081071306,49698,1837,292,36,081,071306
1947,36081071600,-666666666,0,0,36,081,071600
1948,36081071701,52608,1389,226,36,081,071701
1949,36081071702,50664,897,66,36,081,071702
1950,36081071900,47574,574,49,36,081,071900
1951,36081072100,62045,1118,158,36,081,072100
1952,36081072300,134032,66,0,36,081,072300
1953,36081072900,82167,76,0,36,081,072900
1954,36081073100,101679,130,28,36,081,073100
1955,36081073700,62050,610,74,36,081,073700
1956,36081073900,87857,1247,206,36,081,073900
1957,36081074100,61028,556,100,36,081,074100
1958,36081074300,43238,903,115,36,081,074300
1959,36081074500,40083,1143,153,36,081,074500
1960,36081074700,65040,385,40,36,081,074700
1961,36081074900,110750,57,13,36,081,074900
1962,36081075701,75323,913,142,36,081,075701
1963,36081075702,73514,1071,134,36,081,075702
1964,36081076901,68026,1097,57,36,081,076901
1965,36081076902,75625,526,101,36,081,076902
1966,36081077300,62197,519,46,36,081,077300
1967,36081077500,46944,651,47,36,081,077500
1968,36081077902,73048,574,145,36,081,077902
1969,36081077903,60132,484,44,36,081,077903
1970,36081077904,49527,949,121,36,081,077904
1971,36081077905,61400,207,19,36,081,077905
1972,36081077906,49201,668,13,36,081,077906
1973,36081077907,46923,611,93,36,081,077907
1974,36081077908,44583,1090,87,36,081,077908
1975,36081078800,60543,163,0,36,081,078800
1976,36081079000,63214,295,9,36,081,079000
1977,36081079200,72794,126,9,36,081,079200
1978,36081079300,-666666666,0,0,36,081,079300
1979,36081079701,50210,2213,270,36,081,079701
1980,36081079702,34318,1014,132,36,081,079702
1981,36081079900,62589,476,101,36,081,079900
1982,36081080301,51688,781,67,36,081,080301
1983,36081080302,80318,293,7,36,081,080302
1984,36081080900,57222,698,53,36,081,080900
1985,36081081400,66818,218,31,36,081,081400
1986,36081081800,64318,304,28,36,081,081800
1987,36081083700,49868,401,23,36,081,083700
1988,36081083800,62526,273,24,36,081,083800
1989,36081084000,59464,592,81,36,081,084000
1990,36081084500,34795,1579,70,36,081,084500
1991,36081084601,82188,265,70,36,081,084601
1992,36081084602,57400,97,0,36,081,084602
1993,36081084900,41750,1987,283,36,081,084900
1994,36081085300,32530,1127,218,36,081,085300
1995,36081085500,41410,2216,179,36,081,085500
1996,36081085700,35671,1580,147,36,081,085700
1997,36081085900,33598,1188,52,36,081,085900
1998,36081086100,54103,492,45,36,081,086100
1999,36081086300,40841,1890,186,36,081,086300
2000,36081086400,61618,352,57,36,081,086400
2001,36081086500,26762,1383,58,36,081,086500
2002,36081086900,50231,374,30,36,081,086900
2003,36081087100,14914,623,65,36,081,087100
2004,36081088400,70393,641,63,36,081,088400
2005,36081088901,49030,1392,199,36,081,088901
2006,36081089200,92034,98,13,36,081,089200
2007,36081090700,47604,207,7,36,081,090700
2008,36081091601,82996,51,9,36,081,091601
2009,36081091602,-666666666,0,0,36,081,091602
2010,36081091800,-666666666,0,0,36,081,091800
2011,36081091900,68592,810,108,36,081,091900
2012,36081092200,106853,116,12,36,081,092200
2013,36081092500,49068,846,95,36,081,092500
2014,36081092800,105000,83,0,36,081,092800
2015,36081092900,76797,1000,196,36,081,092900
2016,36081093401,74981,392,57,36,081,093401
2017,36081093402,80577,555,23,36,081,093402
2018,36081093800,38275,1444,196,36,081,093800
2019,36081093900,72532,504,68,36,081,093900
2020,36081094201,51194,807,107,36,081,094201
2021,36081094202,43565,1006,127,36,081,094202
2022,36081094203,49115,1150,251,36,081,094203
2023,36081094500,74420,362,60,36,081,094500
2024,36081094700,65775,356,41,36,081,094700
2025,36081095400,49792,747,81,36,081,095400
2026,36081096400,66103,444,39,36,081,096400
2027,36081097202,16224,961,70,36,081,097202
2028,36081097203,21055,2196,385,36,081,097203
2029,36081097204,41018,673,150,36,081,097204
2030,36081097300,90000,124,10,36,081,097300
2031,36081098100,74766,200,0,36,081,098100
2032,36081098700,80757,174,33,36,081,098700
2033,36081099100,84350,398,46,36,081,099100
2034,36081099200,44119,742,99,36,081,099200
2035,36081099701,57382,241,8,36,081,099701
2036,36081099703,92216,425,36,36,081,099703
2037,36081099704,67210,1238,169,36,081,099704
2038,36081099705,95795,327,72,36,081,099705
2039,36081099801,49768,1850,210,36,081,099801
2040,36081099802,19425,2198,241,36,081,099802
2041,36081099900,-666666666,0,0,36,081,099900
2042,36081100801,68581,145,25,36,081,100801
2043,36081100802,54545,1227,98,36,081,100802
2044,36081101001,32500,2408,155,36,081,101001
2045,36081101002,21406,1050,79,36,081,101002
2046,36081101700,60625,450,0,36,081,101700
2047,36081102900,73491,483,86,36,081,102900
2048,36081103201,23308,1513,60,36,081,103201
2049,36081103202,48472,1071,87,36,081,103202
2050,36081103300,77500,406,72,36,081,103300
2051,36081103900,72368,923,142,36,081,103900
2052,36081104700,75673,956,163,36,081,104700
2053,36081105900,73454,233,69,36,081,105900
2054,36081107201,80435,198,32,36,081,107201
2055,36081107202,-666666666,0,0,36,081,107202
2056,36081108500,88750,240,93,36,081,108500
2057,36081109300,84583,55,0,36,081,109300
2058,36081109700,80500,152,51,36,081,109700
2059,36081109900,51875,290,15,36,081,109900
2060,36081111300,108917,195,22,36,081,111300
2061,36081112300,73443,541,115,36,081,112300
2062,36081112900,75603,264,41,36,081,112900
2063,36081113300,83000,112,7,36,081,113300
2064,36081113900,71010,643,89,36,081,113900
2065,36081114100,95964,30,0,36,081,114100
2066,36081114700,94188,44,0,36,081,114700
2067,36081115100,92614,7,0,36,081,115100
2068,36081115500,67303,377,24,36,081,115500
2069,36081115700,58050,563,71,36,081,115700
2070,36081115900,48400,730,32,36,081,115900
2071,36081116100,41796,1068,31,36,081,116100
2072,36081116300,38159,2068,182,36,081,116300
2073,36081116700,59219,362,22,36,081,116700
2074,36081117100,53404,525,55,36,081,117100
2075,36081117500,59243,1084,194,36,081,117500
2076,36081118100,52197,359,66,36,081,118100
2077,36081118500,57466,464,63,36,081,118500
2078,36081118700,62656,319,16,36,081,118700
2079,36081118900,65612,334,33,36,081,118900
2080,36081119100,51157,580,47,36,081,119100
2081,36081119300,72836,436,99,36,081,119300
2082,36081119500,70391,114,9,36,081,119500
2083,36081119900,44818,167,11,36,081,119900
2084,36081120100,44815,185,21,36,081,120100
2085,36081120300,62404,73,10,36,081,120300
2086,36081120500,32589,546,0,36,081,120500
2087,36081120700,77500,362,35,36,081,120700
2088,36081121100,-666666666,0,0,36,081,121100
2089,36081121500,67000,481,48,36,081,121500
2090,36081122300,80673,358,54,36,081,122300
2091,36081122701,55664,2268,320,36,081,122701
2092,36081122702,23513,2154,276,36,081,122702
2093,36081124100,74946,146,36,36,081,124100
2094,36081124700,80729,126,40,36,081,124700
2095,36081125700,58333,420,87,36,081,125700
2096,36081126500,56121,252,51,36,081,126500
2097,36081126700,95353,47,11,36,081,126700
2098,36081127700,93106,65,9,36,081,127700
2099,36081128300,-666666666,0,0,36,081,128300
2100,36081129102,103792,52,0,36,081,129102
2101,36081129103,70805,424,83,36,081,129103
2102,36081129104,76849,342,44,36,081,129104
2103,36081130100,68705,95,19,36,081,130100
2104,36081133300,86667,224,47,36,081,133300
2105,36081133900,86908,3,0,36,081,133900
2106,36081134100,76125,150,60,36,081,134100
2107,36081134700,55283,3464,368,36,081,134700
2108,36081136700,65211,593,91,36,081,136700
2109,36081137700,67674,1299,130,36,081,137700
2110,36081138501,78611,465,35,36,081,138501
2111,36081138502,-666666666,0,0,36,081,138502
2112,36081139900,75167,35,0,36,081,139900
2113,36081140300,58162,190,12,36,081,140300
2114,36081140901,48229,40,27,36,081,140901
2115,36081140902,81495,71,0,36,081,140902
2116,36081141700,76500,228,69,36,081,141700
2117,36081142900,71466,235,21,36,081,142900
2118,36081143500,83523,62,0,36,081,143500
2119,36081144100,62750,305,13,36,081,144100
2120,36081144700,56250,446,94,36,081,144700
2121,36081145101,56335,181,8,36,081,145101
2122,36081145102,76852,201,41,36,081,145102
2123,36081145900,80288,247,21,36,081,145900
2124,36081146300,69427,656,118,36,081,146300
2125,36081146700,56781,1058,183,36,081,146700
2126,36081147100,65958,445,63,36,081,147100
2127,36081147900,77315,605,95,36,081,147900
2128,36081148300,112446,140,32,36,081,148300
2129,36081150701,96679,122,12,36,081,150701
2130,36081150702,77778,260,18,36,081,150702
2131,36081152901,73333,638,85,36,081,152901
2132,36081152902,62591,91,29,36,081,152902
2133,36081155101,57104,165,0,36,081,155101
2134,36081155102,73867,1221,217,36,081,155102
2135,36081156700,83068,188,67,36,081,156700
2136,36081157101,72303,634,42,36,081,157101
2137,36081157102,63351,133,44,36,081,157102
2138,36081157901,81957,293,28,36,081,157901
2139,36081157902,70938,74,0,36,081,157902
2140,36081157903,76705,303,45,36,081,157903
2141,36081161700,88036,123,0,36,081,161700
2142,36081162100,68239,741,99,36,081,162100
2143,36081990100,-666666666,0,0,36,081,990100
2144,36085000300,46731,558,58,36,085,000300
2145,36085000600,43712,688,24,36,085,000600
2146,36085000700,39191,1772,232,36,085,000700
2147,36085000800,63750,710,139,36,085,000800
2148,36085000900,56192,317,25,36,085,000900
2149,36085001100,36624,772,89,36,085,001100
2150,36085001700,54071,275,0,36,085,001700
2151,36085001800,51346,122,0,36,085,001800
2152,36085002001,62939,292,58,36,085,002001
2153,36085002002,90000,286,44,36,085,002002
2154,36085002100,36131,576,11,36,085,002100
2155,36085002700,36250,273,35,36,085,002700
2156,36085002900,31924,1154,171,36,085,002900
2157,36085003300,59556,740,83,36,085,003300
2158,36085003600,70547,233,34,36,085,003600
2159,36085003900,67639,681,237,36,085,003900
2160,36085004000,32305,2278,236,36,085,004000
2161,36085004700,67191,329,39,36,085,004700
2162,36085005000,63398,332,0,36,085,005000
2163,36085005900,62292,443,41,36,085,005900
2164,36085006400,40238,528,49,36,085,006400
2165,36085006700,110750,308,53,36,085,006700
2166,36085007000,63790,699,59,36,085,007000
2167,36085007400,65559,711,106,36,085,007400
