GeoId,tractsId,Families Median income 
36005000100,1,-
36005000200,2,66488
36005000400,4,90118
36005001600,16,40577
36005001900,19,41447
36005002000,20,30690
36005002300,23,24556
36005002400,24,-
36005002500,25,35944
36005002701,27.01,24185
36005002702,27.02,18306
36005002800,28,57026
36005003100,31,46964
36005003300,33,20122
36005003500,35,36793
36005003700,37,47188
36005003800,38,51932
36005003900,39,41090
36005004001,40.01,68438
36005004100,41,21274
36005004200,42,41946
36005004300,43,26788
36005004400,44,27553
36005004600,46,27841
36005004800,48,37500
36005005001,50.01,26867
36005005002,50.02,31595
36005005100,51,17261
36005005200,52,36354
36005005300,53,18179
36005005400,54,38813
36005005600,56,34625
36005005902,59.02,29507
36005006000,60,33438
36005006100,61,52860
36005006200,62,28444
36005006300,63,38594
36005006400,64,39356
36005006500,65,25203
36005006700,67,23868
36005006800,68,48182
36005006900,69,38628
36005007000,70,41078
36005007100,71,51118
36005007200,72,43566
36005007300,73,27096
36005007400,74,58424
36005007500,75,42396
36005007600,76,42885
36005007700,77,47404
36005007800,78,42778
36005007900,79,30410
36005008300,83,38125
36005008400,84,84657
36005008500,85,32013
36005008600,86,30181
36005008700,87,33411
36005008900,89,37875
36005009000,90,30671
36005009200,92,50221
36005009300,93,32100
36005009600,96,57500
36005009800,98,75417
36005011000,110,-
36005011502,115.02,31304
36005011700,117,23053
36005011800,118,100909
36005011900,119,34727
36005012101,121.01,39643
36005012102,121.02,22917
36005012300,123,38346
36005012500,125,31086
36005012701,127.01,22083
36005012901,129.01,27197
36005013000,130,97313
36005013100,131,40169
36005013200,132,130552
36005013300,133,36250
36005013500,135,37808
36005013800,138,84099
36005014100,141,34024
36005014300,143,39013
36005014400,144,27400
36005014500,145,28068
36005014701,147.01,14927
36005014702,147.02,27065
36005014900,149,40905
36005015100,151,36630
36005015200,152,74375
36005015300,153,32606
36005015500,155,22500
36005015700,157,37300
36005015800,158,69583
36005015900,159,20625
36005016000,160,77333
36005016100,161,18750
36005016200,162,92333
36005016300,163,-
36005016400,164,84063
36005016500,165,26771
36005016600,166,83272
36005016700,167,31982
36005016900,169,33795
36005017100,171,-
36005017300,173,24840
36005017500,175,29287
36005017701,177.01,33750
36005017702,177.02,46220
36005017901,179.01,38295
36005017902,179.02,31488
36005018101,181.01,29292
36005018102,181.02,34153
36005018301,183.01,57708
36005018302,183.02,41864
36005018400,184,85500
36005018500,185,37184
36005018900,189,29798
36005019300,193,27951
36005019400,194,57545
36005019500,195,31690
36005019700,197,36013
36005019900,199,38048
36005020000,200,42377
36005020100,201,34375
36005020200,202,51176
36005020400,204,54375
36005020501,205.01,25353
36005020502,205.02,36214
36005020601,206.01,67813
36005020900,209,42474
36005021001,210.01,63374
36005021002,210.02,61654
36005021100,211,29542
36005021200,212,61689
36005021301,213.01,25000
36005021302,213.02,39507
36005021501,215.01,36622
36005021502,215.02,26506
36005021601,216.01,31391
36005021602,216.02,52417
36005021700,217,30781
36005021800,218,44931
36005021900,219,23152
36005022000,220,35536
36005022101,221.01,29888
36005022102,221.02,23491
36005022200,222,47100
36005022300,223,29406
36005022401,224.01,58594
36005022403,224.03,50337
36005022404,224.04,58306
36005022500,225,45542
36005022701,227.01,33750
36005022702,227.02,40329
36005022703,227.03,52019
36005022800,228,54495
36005022901,229.01,28936
36005022902,229.02,37933
36005023000,230,46061
36005023100,231,32337
36005023200,232,56400
36005023301,233.01,32479
36005023302,233.02,34535
36005023501,235.01,20972
36005023502,235.02,41676
36005023600,236,38558
36005023702,237.02,39766
36005023703,237.03,40093
36005023704,237.04,19057
36005023800,238,54583
36005023900,239,30694
36005024000,240,48182
36005024100,241,38650
36005024300,243,28678
36005024400,244,65284
36005024501,245.01,24159
36005024502,245.02,26016
36005024600,246,79853
36005024700,247,39583
36005024800,248,65132
36005024900,249,-
36005025000,250,93125
36005025100,251,26280
36005025200,252,89211
36005025300,253,36852
36005025400,254,55652
36005025500,255,42347
36005025600,256,43776
36005025700,257,50625
36005026100,261,84583
36005026300,263,40625
36005026400,264,63186
36005026500,265,41761
36005026601,266.01,57813
36005026602,266.02,50203
36005026701,267.01,50192
36005026702,267.02,38421
36005026900,269,43000
36005027300,273,39231
36005027401,274.01,100972
36005027402,274.02,104688
36005027600,276,-
36005027700,277,31847
36005027900,279,59500
36005028100,281,92250
36005028300,283,24167
36005028400,284,-
36005028500,285,66167
36005028600,286,94779
36005028700,287,65194
36005028800,288,96667
36005028900,289,48640
36005029301,293.01,201484
36005029302,293.02,107934
36005029500,295,133833
36005029600,296,68088
36005029700,297,123250
36005030000,300,77292
36005030100,301,158250
36005030200,302,64472
36005030701,307.01,155765
36005030900,309,133063
36005031000,310,98542
36005031200,312,105817
36005031400,314,117500
36005031600,316,87500
36005031800,318,90650
36005031900,319,-
36005032300,323,111949
36005032400,324,18163
36005032600,326,90694
36005032800,328,39327
36005033000,330,41342
36005033201,332.01,52721
36005033202,332.02,69439
36005033400,334,-
36005033500,335,139659
36005033600,336,40532
36005033700,337,101250
36005033800,338,45278
36005034000,340,47500
36005034200,342,71417
36005034300,343,69130
36005034400,344,66875
36005034500,345,95924
36005034800,348,52500
36005035000,350,91346
36005035100,351,113125
36005035600,356,85096
36005035800,358,91692
36005035900,359,25319
36005036000,360,84464
36005036100,361,30448
36005036300,363,20343
36005036400,364,78162
36005036501,365.01,25927
36005036502,365.02,36661
36005036700,367,33203
36005036800,368,57857
36005036901,369.01,27792
36005036902,369.02,19853
36005037000,370,57125
36005037100,371,52885
36005037200,372,60153
36005037300,373,30976
36005037400,374,42151
36005037504,375.04,20802
36005037600,376,68377
36005037800,378,45341
36005037900,379,30679
36005038000,380,23452
36005038100,381,38250
36005038200,382,52422
36005038301,383.01,44538
36005038302,383.02,24219
36005038500,385,23005
36005038600,386,57705
36005038700,387,37107
36005038800,388,73229
36005038900,389,38134
36005039000,390,41875
36005039100,391,33099
36005039200,392,52258
36005039300,393,24540
36005039400,394,37946
36005039500,395,34783
36005039600,396,48639
36005039700,397,45542
36005039800,398,74792
36005039901,399.01,28661
36005039902,399.02,34415
36005040100,401,36053
36005040302,403.02,32443
36005040303,403.03,38214
36005040304,403.04,24160
36005040400,404,73333
36005040501,405.01,42669
36005040502,405.02,40560
36005040600,406,48485
36005040701,407.01,48259
36005040702,407.02,42575
36005040800,408,46848
36005040900,409,63125
36005041100,411,49028
36005041300,413,54272
36005041400,414,67250
36005041500,415,43804
36005041800,418,50114
36005041900,419,31979
36005042000,420,48804
36005042100,421,32157
36005042200,422,63458
36005042300,423,64405
36005042400,424,83333
36005042500,425,38333
36005042600,426,96020
36005042800,428,83674
36005042901,429.01,45375
36005042902,429.02,29683
36005043000,430,75139
36005043100,431,32713
36005043400,434,48882
36005043500,435,-
36005043600,436,67847
36005044200,442,63308
36005044400,444,79519
36005044800,448,79583
36005044901,449.01,96250
36005044902,449.02,85787
36005045101,451.01,95625
36005045102,451.02,89740
36005045600,456,106071
36005045800,458,29121
36005046000,460,46705
36005046201,462.01,67889
36005046202,462.02,60625
36005048400,484,93475
36005050400,504,-
36005051600,516,134861
36047000100,1,141964
36047000200,2,41250
36047000301,3.01,243043
36047000501,5.01,229125
36047000502,5.02,194159
36047000700,7,209694
36047000900,9,"250,000+"
36047001100,11,174083
36047001300,13,166250
36047001500,15,94336
36047001800,18,-
36047002000,20,68529
36047002100,21,244330
36047002200,22,45577
36047002300,23,24247
36047002901,29.01,36875
36047003000,30,110000
36047003100,31,129444
36047003300,33,144706
36047003400,34,91786
36047003500,35,123929
36047003600,36,112656
36047003700,37,196806
36047003800,38,91071
36047003900,39,152500
36047004100,41,204375
36047004300,43,204944
36047004400,44,165357
36047004500,45,201292
36047004600,46,195461
36047004700,47,152708
36047004900,49,184258
36047005000,50,147083
36047005100,51,162784
36047005201,52.01,179167
36047005202,52.02,90000
36047005300,53,126806
36047005400,54,94625
36047005601,56.01,100954
36047005602,56.02,99167
36047005800,58,71842
36047005900,59,93125
36047006000,60,107361
36047006200,62,99479
36047006300,63,171875
36047006400,64,84500
36047006500,65,176250
36047006600,66,77917
36047006700,67,199567
36047006800,68,43134
36047006900,69,191071
36047007000,70,93293
36047007100,71,46953
36047007200,72,37589
36047007400,74,30758
36047007500,75,187898
36047007600,76,36968
36047007700,77,154416
36047007800,78,57500
36047008000,80,60600
36047008200,82,39085
36047008400,84,48767
36047008500,85,17528
36047008600,86,-
36047008800,88,65625
36047009000,90,42266
36047009200,92,42500
36047009400,94,43676
36047009600,96,41600
36047009800,98,33495
36047010000,100,37019
36047010100,101,71375
36047010200,102,55337
36047010400,104,40580
36047010600,106,46429
36047010800,108,41293
36047011000,110,53558
36047011200,112,35439
36047011400,114,45852
36047011600,116,39808
36047011700,117,85114
36047011800,118,52188
36047011900,119,103611
36047012000,120,58269
36047012100,121,93188
36047012200,122,38517
36047012600,126,54704
36047012700,127,37438
36047012801,128.01,50833
36047012901,129.01,133194
36047012902,129.02,127037
36047013000,130,74500
36047013100,131,146948
36047013200,132,61250
36047013300,133,199314
36047013400,134,106293
36047013500,135,197237
36047013600,136,113403
36047013700,137,135114
36047013800,138,65446
36047013900,139,167386
36047014000,140,107625
36047014100,141,121411
36047014200,142,66302
36047014300,143,108218
36047014500,145,111393
36047014700,147,74955
36047014800,148,93155
36047014900,149,149812
36047015000,150,115391
36047015100,151,175750
36047015200,152,104545
36047015300,153,175104
36047015400,154,-
36047015500,155,208250
36047015700,157,162643
36047015900,159,194712
36047016000,160,84018
36047016100,161,179531
36047016200,162,123750
36047016300,163,149444
36047016400,164,117609
36047016500,165,220197
36047016600,166,112315
36047016700,167,171577
36047016800,168,117375
36047016900,169,143269
36047017000,170,97682
36047017100,171,148500
36047017200,172,94432
36047017400,174,97679
36047017500,175,-
36047017600,176,61397
36047017700,177,-
36047017800,178,69643
36047017900,179,83576
36047018000,180,86094
36047018100,181,117138
36047018200,182,64375
36047018300,183,128500
36047018400,184,72708
36047018501,185.01,26219
36047018600,186,67500
36047018700,187,126250
36047018800,188,75991
36047019000,190,47587
36047019100,191,84208
36047019200,192,42227
36047019300,193,76078
36047019400,194,45648
36047019500,195,117745
36047019600,196,40238
36047019700,197,148472
36047019800,198,80625
36047019900,199,124583
36047020000,200,61875
36047020100,201,154615
36047020200,202,103500
36047020300,203,113750
36047020400,204,98578
36047020500,205,130536
36047020600,206,111830
36047020700,207,143438
36047020800,208,66583
36047021000,210,41523
36047021100,211,62770
36047021200,212,42188
36047021300,213,51210
36047021400,214,62992
36047021500,215,97054
36047021600,216,45441
36047021700,217,82750
36047021800,218,30732
36047021900,219,66208
36047022000,220,30583
36047022100,221,53769
36047022200,222,40455
36047022400,224,44449
36047022600,226,52417
36047022700,227,86200
36047022800,228,32554
36047022900,229,69375
36047023000,230,38625
36047023100,231,101989
36047023200,232,46484
36047023300,233,64205
36047023400,234,31800
36047023500,235,72976
36047023600,236,28375
36047023800,238,31633
36047024000,240,41969
36047024100,241,59239
36047024200,242,65321
36047024300,243,112222
36047024400,244,48750
36047024500,245,64957
36047024600,246,54779
36047024700,247,45648
36047024800,248,62171
36047024900,249,85357
36047025000,250,54006
36047025100,251,52591
36047025200,252,62589
36047025300,253,68810
36047025400,254,46691
36047025500,255,23520
36047025600,256,50764
36047025700,257,64620
36047025800,258,46359
36047025901,259.01,55370
36047025902,259.02,22599
36047026000,260,61250
36047026100,261,60072
36047026200,262,53958
36047026300,263,45625
36047026400,264,51000
36047026500,265,79148
36047026600,266,65179
36047026700,267,89545
36047026800,268,43291
36047026900,269,78558
36047027000,270,57500
36047027100,271,73594
36047027200,272,77813
36047027300,273,59348
36047027400,274,66806
36047027500,275,93125
36047027600,276,54861
36047027700,277,43684
36047027800,278,71905
36047027900,279,63529
36047028000,280,68750
36047028100,281,25625
36047028200,282,74102
36047028300,283,36806
36047028400,284,58390
36047028501,285.01,87750
36047028502,285.02,22813
36047028600,286,46912
36047028700,287,38636
36047028800,288,51250
36047028900,289,59563
36047029000,290,52056
36047029100,291,82426
36047029200,292,50391
36047029300,293,38320
36047029400,294,57100
36047029500,295,85417
36047029600,296,55405
36047029700,297,99833
36047029800,298,87976
36047029900,299,44821
36047030000,300,67600
36047030100,301,52344
36047030200,302,59865
36047030300,303,42014
36047030400,304,50647
36047030500,305,50854
36047030600,306,62841
36047030700,307,25441
36047030800,308,56250
36047030900,309,44345
36047031100,311,51724
36047031300,313,59728
36047031400,314,77121
36047031500,315,-
36047031701,317.01,91450
36047031702,317.02,73697
36047031900,319,51299
36047032100,321,51129
36047032300,323,66849
36047032500,325,52193
36047032600,326,28102
36047032700,327,-
36047032800,328,54018
36047032900,329,37362
36047033000,330,31488
36047033100,331,56513
36047033300,333,54167
36047033500,335,55250
36047033600,336,95990
36047033700,337,68881
36047033900,339,56071
36047034000,340,31471
36047034100,341,58304
36047034200,342,28582
36047034300,343,29464
36047034500,345,41645
36047034700,347,43934
36047034800,348,58542
36047034900,349,41518
36047035000,350,52212
36047035100,351,45282
36047035200,352,14840
36047035300,353,46042
36047035400,354,67426
36047035500,355,52295
36047035601,356.01,60000
36047035602,356.02,64076
36047035700,357,31146
36047035900,359,33503
36047036001,360.01,37188
36047036002,360.02,36853
36047036100,361,44722
36047036200,362,44934
36047036300,363,34701
36047036400,364,65602
36047036501,365.01,46231
36047036502,365.02,28854
36047036600,366,54167
36047036700,367,59643
36047036900,369,41694
36047037000,370,82465
36047037100,371,56163
36047037300,373,33967
36047037401,374.01,67574
36047037402,374.02,54455
36047037500,375,56371
36047037700,377,72969
36047037900,379,42917
36047038100,381,44063
36047038200,382,20350
36047038300,383,75890
36047038500,385,82019
36047038600,386,80446
36047038700,387,63710
36047038800,388,67222
36047038900,389,62708
36047039000,390,69688
36047039100,391,-
36047039200,392,61361
36047039300,393,55980
36047039400,394,62589
36047039500,395,55496
36047039600,396,70875
36047039700,397,38198
36047039800,398,54750
36047039900,399,60223
36047040000,400,53977
36047040100,401,42105
36047040200,402,61750
36047040300,403,33988
36047040400,404,76429
36047040500,405,57750
36047040600,406,61000
36047040700,407,-
36047040800,408,76161
36047040900,409,34286
36047041000,410,59293
36047041100,411,59444
36047041200,412,84286
36047041300,413,67159
36047041401,414.01,57750
36047041402,414.02,69135
36047041500,415,66042
36047041600,416,53750
36047041700,417,33005
36047041800,418,54145
36047041900,419,51290
36047042000,420,80972
36047042100,421,34492
36047042200,422,61292
36047042300,423,55054
36047042400,424,72426
36047042500,425,52262
36047042600,426,52188
36047042700,427,31216
36047042800,428,65500
36047042900,429,34808
36047043000,430,47983
36047043100,431,34185
36047043200,432,62409
36047043300,433,30907
36047043400,434,45694
36047043500,435,49418
36047043600,436,62313
36047043700,437,61500
36047043800,438,55000
36047043900,439,33424
36047044000,440,75750
36047044100,441,40000
36047044200,442,100947
36047044300,443,53071
36047044400,444,50556
36047044500,445,44336
36047044600,446,67589
36047044700,447,33571
36047044800,448,73393
36047044900,449,21146
36047045000,450,-
36047045200,452,81286
36047045300,453,38981
36047045400,454,74250
36047045600,456,51339
36047045800,458,110691
36047046000,460,63636
36047046201,462.01,80439
36047046202,462.02,75139
36047046400,464,67031
36047046800,468,73357
36047047000,470,60625
36047047200,472,59464
36047047400,474,50561
36047047600,476,37688
36047047700,477,147803
36047047800,478,65729
36047048000,480,41667
36047048100,481,95288
36047048200,482,52321
36047048400,484,53009
36047048500,485,79688
36047048600,486,45855
36047048800,488,49185
36047048900,489,22896
36047049000,490,54943
36047049100,491,42234
36047049200,492,55655
36047049300,493,28769
36047049400,494,63125
36047049500,495,120506
36047049600,496,78203
36047049700,497,105875
36047049800,498,90917
36047049900,499,85000
36047050000,500,143487
36047050100,501,113125
36047050202,502.02,145125
36047050300,503,131667
36047050400,504,96227
36047050500,505,34931
36047050600,506,51500
36047050700,507,32198
36047050801,508.01,51625
36047050803,508.03,48438
36047050804,508.04,60517
36047050900,509,37132
36047051001,510.01,53508
36047051002,510.02,54148
36047051100,511,31700
36047051200,512,61827
36047051300,513,69479
36047051400,514,69167
36047051500,515,129643
36047051601,516.01,58711
36047051602,516.02,65094
36047051700,517,170987
36047051800,518,75786
36047051900,519,141273
36047052000,520,72625
36047052300,523,43385
36047052500,525,30742
36047052600,526,69923
36047052700,527,50972
36047052800,528,113542
36047052900,529,32250
36047053000,530,55691
36047053100,531,28792
36047053200,532,82727
36047053300,533,28091
36047053400,534,36936
36047053500,535,24795
36047053700,537,33548
36047053800,538,58478
36047053900,539,26361
36047054200,542,58403
36047054300,543,117232
36047054400,544,60345
36047054500,545,26303
36047054600,546,60750
36047054700,547,41146
36047054800,548,84453
36047054900,549,91552
36047055000,550,80667
36047055100,551,81426
36047055200,552,67273
36047055300,553,119318
36047055400,554,47214
36047055500,555,166776
36047055600,556,78295
36047055700,557,161806
36047055800,558,73512
36047056000,560,76053
36047056100,561,109632
36047056200,562,112050
36047056300,563,77446
36047056400,564,112250
36047056500,565,92500
36047056600,566,87639
36047056800,568,88452
36047056900,569,142976
36047057000,570,80000
36047057100,571,83682
36047057200,572,32348
36047057300,573,99135
36047057400,574,93214
36047057500,575,84980
36047057600,576,88000
36047057800,578,66458
36047057900,579,51875
36047058000,580,61458
36047058200,582,62389
36047058400,584,76956
36047058600,586,66157
36047058800,588,95144
36047058900,589,85833
36047059000,590,65536
36047059100,591,115469
36047059200,592,78860
36047059300,593,93938
36047059401,594.01,82318
36047059402,594.02,97014
36047059600,596,99643
36047059800,598,89583
36047060000,600,84097
36047060600,606,66250
36047060800,608,75972
36047061002,610.02,118125
36047061003,610.03,52065
36047061004,610.04,38470
36047061200,612,128500
36047061600,616,131964
36047062000,620,143500
36047062200,622,81250
36047062600,626,57663
36047062800,628,92174
36047063200,632,86083
36047063600,636,118511
36047063800,638,111125
36047064000,640,140781
36047064200,642,84821
36047064400,644,94464
36047064600,646,116146
36047064800,648,105475
36047065000,650,80250
36047065200,652,104474
36047065400,654,110326
36047065600,656,89091
36047065800,658,109412
36047066000,660,118854
36047066200,662,96250
36047066600,666,-
36047067000,670,96509
36047067200,672,80750
36047067400,674,98897
36047067600,676,82632
36047067800,678,96125
36047068000,680,83375
36047068200,682,102031
36047068600,686,75833
36047068800,688,122422
36047069000,690,105000
36047069200,692,123750
36047069601,696.01,87250
36047069602,696.02,76641
36047069800,698,102232
36047070000,700,96250
36047070201,702.01,105256
36047070202,702.02,-
36047070203,702.03,-
36047070600,706,111875
36047072000,720,94265
36047072200,722,77717
36047072400,724,79886
36047072600,726,87750
36047072800,728,72206
36047073000,730,102750
36047073200,732,103333
36047073400,734,88000
36047073600,736,80677
36047073800,738,68125
36047074000,740,63658
36047074200,742,79913
36047074400,744,125395
36047074600,746,102813
36047074800,748,106023
36047075000,750,78571
36047075200,752,169688
36047075400,754,124125
36047075600,756,141354
36047075800,758,90417
36047076000,760,81281
36047076200,762,72353
36047076400,764,69063
36047076600,766,68011
36047076800,768,62083
36047077000,770,75313
36047077200,772,66420
36047077400,774,72684
36047077600,776,75727
36047078000,780,87438
36047078200,782,69112
36047078400,784,83911
36047078600,786,58858
36047078800,788,50524
36047079000,790,60708
36047079200,792,38462
36047079400,794,52279
36047079601,796.01,80750
36047079602,796.02,68750
36047079801,798.01,90000
36047079802,798.02,69147
36047080000,800,87361
36047080200,802,64125
36047080400,804,62111
36047080600,806,59167
36047080800,808,40167
36047081000,810,52759
36047081400,814,62500
36047081600,816,49722
36047081800,818,78673
36047082000,820,44286
36047082200,822,61703
36047082400,824,50000
36047082600,826,62540
36047082800,828,54630
36047083000,830,53858
36047083200,832,66429
36047083400,834,57344
36047083600,836,68162
36047083800,838,80707
36047084000,840,86250
36047084600,846,67266
36047084800,848,75583
36047085000,850,77875
36047085200,852,-
36047085400,854,58750
36047085600,856,56010
36047085800,858,62436
36047086000,860,67500
36047086200,862,42380
36047086400,864,74659
36047086600,866,70962
36047086800,868,68493
36047087000,870,46528
36047087200,872,69063
36047087401,874.01,51779
36047087600,876,69306
36047087800,878,49464
36047088000,880,64821
36047088200,882,62216
36047088400,884,53389
36047088600,886,43636
36047088800,888,75114
36047089000,890,60412
36047089200,892,33241
36047089400,894,46691
36047089600,896,58393
36047089800,898,56518
36047090000,900,25544
36047090200,902,52500
36047090600,906,23750
36047090800,908,18857
36047091000,910,18804
36047091200,912,25859
36047091600,916,41406
36047091800,918,36471
36047092000,920,31296
36047092200,922,57946
36047092400,924,53140
36047092800,928,74000
36047093000,930,74896
36047093200,932,94338
36047093400,934,82386
36047093600,936,84063
36047093800,938,73715
36047094401,944.01,93472
36047094402,944.02,30625
36047094600,946,73125
36047095000,950,86637
36047095400,954,83578
36047095600,956,65395
36047095800,958,72386
36047096000,960,-
36047096200,962,64821
36047096400,964,77344
36047096600,966,72366
36047096800,968,93750
36047097000,970,88871
36047097400,974,63914
36047098200,982,22055
36047098400,984,82188
36047098600,986,74286
36047098800,988,81957
36047099000,990,104079
36047099200,992,90071
36047099400,994,79438
36047099600,996,72000
36047099800,998,87602
36047100400,1004,79766
36047100600,1006,93493
36047100800,1008,82059
36047101000,1010,116932
36047101200,1012,76667
36047101400,1014,83516
36047101600,1016,103359
36047101800,1018,104420
36047102000,1020,113542
36047102200,1022,86953
36047102400,1024,94911
36047102600,1026,95469
36047102800,1028,92837
36047103400,1034,30231
36047105801,1058.01,40455
36047105804,1058.04,32418
36047107000,1070,58125
36047107800,1078,73750
36047109800,1098,49915
36047110400,1104,47281
36047110600,1106,25479
36047111000,1110,25111
36047111600,1116,55404
36047111800,1118,49609
36047112000,1120,46786
36047112200,1122,49205
36047112400,1124,73542
36047112600,1126,58694
36047112800,1128,60156
36047113000,1130,55000
36047113200,1132,68490
36047113400,1134,34628
36047114201,1142.01,55139
36047114202,1142.02,70648
36047114400,1144,52266
36047114600,1146,44485
36047115000,1150,47969
36047115200,1152,45694
36047115600,1156,32692
36047115800,1158,71447
36047116000,1160,36821
36047116200,1162,38397
36047116400,1164,61141
36047116600,1166,47391
36047116800,1168,62656
36047117000,1170,40833
36047117201,1172.01,65167
36047117202,1172.02,54485
36047117400,1174,62581
36047117601,1176.01,57500
36047117602,1176.02,44150
36047117800,1178,46094
36047118000,1180,-
36047118201,1182.01,63958
36047118202,1182.02,53409
36047118400,1184,59583
36047118600,1186,62031
36047118800,1188,57766
36047119000,1190,41369
36047119200,1192,70417
36047119400,1194,44556
36047119600,1196,38099
36047119800,1198,32449
36047120000,1200,39844
36047120200,1202,45125
36047120800,1208,51484
36047121000,1210,21205
36047121400,1214,27044
36047122000,1220,42264
36047123700,1237,32545
36047150200,1502,140893
36047152200,1522,150096
36047990100,9901,-
36061000100,1,-
36061000201,2.01,29838
36061000202,2.02,46769
36061000500,5,-
36061000600,6,23980
36061000700,7,217500
36061000800,8,35603
36061000900,9,234545
36061001001,10.01,130172
36061001002,10.02,30692
36061001200,12,85719
36061001300,13,200732
36061001401,14.01,162833
36061001402,14.02,34671
36061001501,15.01,131020
36061001502,15.02,185357
36061001600,16,42104
36061001800,18,43514
36061002000,20,25450
36061002100,21,"250,000+"
36061002201,22.01,33100
36061002202,22.02,93917
36061002400,24,24275
36061002500,25,26250
36061002601,26.01,45682
36061002602,26.02,85699
36061002700,27,123438
36061002800,28,36060
36061002900,29,31831
36061003001,30.01,80600
36061003002,30.02,83105
36061003100,31,231719
36061003200,32,96190
36061003300,33,"250,000+"
36061003400,34,-
36061003601,36.01,46797
36061003602,36.02,94432
36061003700,37,211971
36061003800,38,62636
36061003900,39,"250,000+"
36061004000,40,171019
36061004100,41,60000
36061004200,42,246932
36061004300,43,73971
36061004400,44,148377
36061004500,45,190357
36061004700,47,156917
36061004800,48,182333
36061004900,49,163917
36061005000,50,"250,000+"
36061005200,52,167639
36061005400,54,"250,000+"
36061005501,55.01,203092
36061005502,55.02,221944
36061005600,56,"250,000+"
36061005700,57,"250,000+"
36061005800,58,"250,000+"
36061005900,59,"250,000+"
36061006000,60,231058
36061006100,61,229653
36061006200,62,130673
36061006300,63,"250,000+"
36061006400,64,218305
36061006500,65,210114
36061006600,66,78878
36061006700,67,188889
36061006800,68,"250,000+"
36061006900,69,234500
36061007000,70,201635
36061007100,71,220139
36061007200,72,178542
36061007300,73,207000
36061007400,74,235882
36061007500,75,224107
36061007600,76,"250,000+"
36061007700,77,168264
36061007800,78,201927
36061007900,79,169018
36061008000,80,"250,000+"
36061008100,81,218906
36061008200,82,173049
36061008300,83,31550
36061008400,84,188929
36061008601,86.01,180536
36061008602,86.02,-
36061008603,86.03,"250,000+"
36061008700,87,228720
36061008800,88,158482
36061008900,89,219688
36061009000,90,225905
36061009100,91,204483
36061009200,92,"250,000+"
36061009300,93,79338
36061009400,94,-
36061009500,95,163158
36061009600,96,-
36061009700,97,93125
36061009800,98,"250,000+"
36061009900,99,238603
36061010000,100,"250,000+"
36061010100,101,161250
36061010200,102,142708
36061010300,103,130859
36061010400,104,158650
36061010601,106.01,"250,000+"
36061010602,106.02,191667
36061010800,108,"250,000+"
36061010900,109,209125
36061011000,110,214605
36061011100,111,121890
36061011201,112.01,238375
36061011202,112.02,134688
36061011203,112.03,"250,000+"
36061011300,113,-
36061011401,114.01,"250,000+"
36061011402,114.02,"250,000+"
36061011500,115,151053
36061011600,116,131964
36061011700,117,197500
36061011800,118,"250,000+"
36061011900,119,-
36061012000,120,210448
36061012100,121,-
36061012200,122,"250,000+"
36061012400,124,179871
36061012500,125,204063
36061012600,126,236735
36061012700,127,148942
36061012800,128,"250,000+"
36061012900,129,172679
36061013000,130,"250,000+"
36061013100,131,153214
36061013200,132,138967
36061013300,133,144167
36061013400,134,"250,000+"
36061013500,135,81221
36061013600,136,196096
36061013700,137,219183
36061013800,138,193730
36061013900,139,129286
36061014000,140,"250,000+"
36061014200,142,"250,000+"
36061014300,143,-
36061014401,144.01,239929
36061014402,144.02,204934
36061014500,145,"250,000+"
36061014601,146.01,212331
36061014602,146.02,194474
36061014700,147,"250,000+"
36061014801,148.01,"250,000+"
36061014802,148.02,234946
36061014900,149,239615
36061015001,150.01,"250,000+"
36061015002,150.02,"250,000+"
36061015100,151,80361
36061015200,152,158125
36061015300,153,"250,000+"
36061015400,154,129444
36061015500,155,217865
36061015601,156.01,154773
36061015602,156.02,60469
36061015700,157,"250,000+"
36061015801,158.01,"250,000+"
36061015802,158.02,138375
36061015900,159,230060
36061016001,160.01,"250,000+"
36061016002,160.02,"250,000+"
36061016100,161,232054
36061016200,162,45033
36061016300,163,206469
36061016400,164,34869
36061016500,165,"250,000+"
36061016600,166,35489
36061016700,167,"250,000+"
36061016800,168,34167
36061016900,169,211136
36061017000,170,58864
36061017100,171,"250,000+"
36061017200,172,29356
36061017300,173,190934
36061017401,174.01,22309
36061017402,174.02,41875
36061017500,175,247650
36061017700,177,106495
36061017800,178,40549
36061017900,179,124469
36061018000,180,36857
36061018100,181,143409
36061018200,182,29659
36061018300,183,184692
36061018400,184,26685
36061018500,185,201389
36061018600,186,35746
36061018700,187,207578
36061018800,188,43548
36061018900,189,36346
36061019000,190,81691
36061019100,191,193194
36061019200,192,31438
36061019300,193,54620
36061019400,194,22689
36061019500,195,188210
36061019600,196,27232
36061019701,197.01,-
36061019702,197.02,93750
36061019800,198,82963
36061019900,199,161677
36061020000,200,84347
36061020101,201.01,230625
36061020102,201.02,87361
36061020300,203,55234
36061020500,205,199722
36061020600,206,51324
36061020701,207.01,91250
36061020800,208,100662
36061020901,209.01,46917
36061021000,210,38250
36061021100,211,-
36061021200,212,74554
36061021303,213.03,40992
36061021400,214,70417
36061021500,215,39000
36061021600,216,49155
36061021703,217.03,-
36061021800,218,48750
36061021900,219,22261
36061022000,220,93015
36061022102,221.02,137917
36061022200,222,74779
36061022301,223.01,43838
36061022302,223.02,45938
36061022400,224,31150
36061022500,225,53218
36061022600,226,63073
36061022700,227,81700
36061022800,228,77429
36061022900,229,51146
36061023000,230,42076
36061023100,231,46849
36061023200,232,38048
36061023300,233,54764
36061023400,234,46526
36061023501,235.01,45579
36061023502,235.02,44318
36061023600,236,52975
36061023700,237,38426
36061023801,238.01,119877
36061023802,238.02,155417
36061023900,239,41140
36061024000,240,-
36061024100,241,57973
36061024200,242,34815
36061024301,243.01,42083
36061024302,243.02,25232
36061024500,245,53856
36061024700,247,64489
36061024900,249,27589
36061025100,251,43333
36061025300,253,52883
36061025500,255,80417
36061025700,257,100688
36061025900,259,79545
36061026100,261,54246
36061026300,263,49948
36061026500,265,83000
36061026700,267,43083
36061026900,269,46698
36061027100,271,57559
36061027300,273,92216
36061027500,275,145852
36061027700,277,31887
36061027900,279,46025
36061028100,281,136857
36061028300,283,55616
36061028500,285,55227
36061028700,287,60858
36061029100,291,46442
36061029300,293,38438
36061029500,295,76786
36061029700,297,-
36061029900,299,29754
36061030300,303,61779
36061030700,307,97214
36061030900,309,39870
36061031100,311,-
36061031703,317.03,"250,000+"
36061031704,317.04,212560
36061031900,319,-
36081000100,1,193137
36081000200,2,81250
36081000400,4,57564
36081000600,6,82083
36081000700,7,134957
36081000800,8,66667
36081001000,10,95577
36081001200,12,75038
36081001400,14,66781
36081001600,16,95054
36081001800,18,78750
36081001900,19,187917
36081002000,20,86750
36081002200,22,81156
36081002400,24,72841
36081002500,25,22086
36081002600,26,87800
36081002800,28,59327
36081003000,30,73264
36081003100,31,60536
36081003200,32,58750
36081003300,33,90000
36081003400,34,75476
36081003600,36,84477
36081003700,37,-
36081003800,38,73894
36081003900,39,44583
36081004001,40.01,77321
36081004002,40.02,69327
36081004200,42,55329
36081004300,43,31328
36081004401,44.01,60500
36081004500,45,107660
36081004700,47,33125
36081005000,50,-
36081005100,51,36477
36081005200,52,78869
36081005300,53,91442
36081005400,54,77535
36081005500,55,60234
36081005700,57,61289
36081005800,58,83841
36081005900,59,80463
36081006100,61,79271
36081006201,62.01,66887
36081006202,62.02,50883
36081006300,63,96282
36081006501,65.01,71848
36081006502,65.02,83286
36081006900,69,-
36081007100,71,76083
36081007300,73,87588
36081007500,75,145328
36081007700,77,90809
36081007900,79,50000
36081008100,81,92171
36081008300,83,50893
36081008500,85,43750
36081008600,86,92083
36081008700,87,30821
36081008800,88,87614
36081009100,91,74250
36081009400,94,61442
36081009500,95,82500
36081009600,96,96553
36081009700,97,109333
36081009800,98,76087
36081009900,99,-
36081010000,100,90333
36081010100,101,86419
36081010200,102,62750
36081010300,103,64107
36081010400,104,73542
36081010500,105,57727
36081010600,106,70750
36081010701,107.01,-
36081010800,108,67802
36081011000,110,75568
36081011100,111,78750
36081011200,112,54167
36081011300,113,84250
36081011400,114,49129
36081011500,115,117163
36081011600,116,79500
36081011700,117,93254
36081011800,118,70250
36081011900,119,74500
36081012000,120,52344
36081012100,121,79141
36081012200,122,63221
36081012301,123.01,93214
36081012400,124,74315
36081012500,125,80375
36081012601,126.01,69750
36081012602,126.02,67833
36081012800,128,63750
36081013000,130,75625
36081013200,132,60852
36081013400,134,59487
36081013500,135,78125
36081013600,136,120147
36081013700,137,90500
36081013800,138,76705
36081014000,140,76875
36081014100,141,70848
36081014201,142.01,61705
36081014202,142.02,78750
36081014300,143,72113
36081014400,144,49402
36081014500,145,54620
36081014700,147,92880
36081014800,148,64087
36081014900,149,61667
36081015000,150,75402
36081015100,151,82813
36081015200,152,62188
36081015300,153,81477
36081015400,154,76116
36081015500,155,64688
36081015600,156,67470
36081015700,157,65938
36081015801,158.01,72500
36081015802,158.02,83567
36081015900,159,48182
36081016100,161,67500
36081016300,163,33147
36081016400,164,79055
36081016600,166,57701
36081016800,168,85521
36081016900,169,58411
36081017000,170,69875
36081017100,171,-
36081017200,172,71833
36081017400,174,75750
36081017600,176,57778
36081017800,178,67500
36081017900,179,41563
36081018000,180,59952
36081018101,181.01,59048
36081018102,181.02,85000
36081018200,182,63661
36081018300,183,73636
36081018401,184.01,78199
36081018402,184.02,74779
36081018501,185.01,68988
36081018502,185.02,63548
36081018600,186,76875
36081018700,187,69000
36081018800,188,89097
36081018900,189,68750
36081019000,190,88409
36081019200,192,77270
36081019400,194,74856
36081019600,196,76920
36081019800,198,62865
36081019900,199,34231
36081020200,202,63068
36081020400,204,58409
36081020500,205,59250
36081020600,206,67112
36081020800,208,72127
36081021200,212,40833
36081021400,214,59633
36081021600,216,75547
36081021900,219,-
36081022001,220.01,73992
36081022002,220.02,79574
36081022900,229,-
36081023000,230,83542
36081023200,232,85688
36081023500,235,49949
36081023600,236,56449
36081023800,238,46000
36081024000,240,45795
36081024300,243,69268
36081024500,245,74023
36081024600,246,-
36081024700,247,75338
36081024900,249,60184
36081025100,251,66448
36081025301,253.01,60078
36081025302,253.02,61625
36081025400,254,45368
36081025500,255,111094
36081025700,257,84444
36081025800,258,76731
36081025900,259,53906
36081026000,260,60000
36081026100,261,48981
36081026200,262,86563
36081026300,263,68160
36081026400,264,70476
36081026500,265,61711
36081026600,266,46731
36081026700,267,47879
36081026901,269.01,53838
36081026902,269.02,50946
36081027000,270,83889
36081027100,271,63231
36081027200,272,57898
36081027300,273,48750
36081027400,274,67031
36081027500,275,41926
36081027600,276,64522
36081027700,277,51359
36081027800,278,55250
36081027900,279,68813
36081028000,280,98563
36081028100,281,59141
36081028200,282,90431
36081028300,283,72440
36081028400,284,84375
36081028500,285,85833
36081028700,287,65761
36081028800,288,74242
36081028900,289,67398
36081029100,291,62669
36081029300,293,73750
36081029400,294,101322
36081029500,295,74125
36081029700,297,75938
36081029900,299,-
36081030600,306,86154
36081030902,309.02,54742
36081030903,309.03,73491
36081030904,309.04,95347
36081031700,317,87692
36081032000,320,79662
36081032700,327,63750
36081032800,328,92292
36081032900,329,58397
36081033000,330,83301
36081033100,331,-
36081033401,334.01,84267
36081033402,334.02,72950
36081033700,337,74184
36081033900,339,73750
36081034700,347,49866
36081035100,351,43162
36081035200,352,90455
36081035300,353,68158
36081035700,357,85286
36081035800,358,92096
36081036100,361,55217
36081036300,363,50700
36081036500,365,55580
36081036600,366,85357
36081036700,367,50625
36081036800,368,80865
36081037100,371,89545
36081037300,373,63571
36081037500,375,48718
36081037600,376,90833
36081037700,377,64833
36081037900,379,63324
36081038100,381,52177
36081038301,383.01,-
36081038302,383.02,-
36081038400,384,75066
36081039400,394,81750
36081039800,398,91875
36081039900,399,56932
36081040000,400,104000
36081040100,401,44567
36081040200,402,99808
36081040300,403,41951
36081040400,404,77188
36081040500,405,40375
36081040700,407,41549
36081040900,409,53789
36081041100,411,50054
36081041300,413,45000
36081041400,414,72758
36081041500,415,43077
36081042400,424,112404
36081042600,426,-
36081042700,427,33413
36081043200,432,112557
36081043400,434,106000
36081043701,437.01,61164
36081043702,437.02,37203
36081043900,439,40375
36081044000,440,57140
36081044301,443.01,37375
36081044302,443.02,54950
36081044400,444,50417
36081044601,446.01,58177
36081044602,446.02,42125
36081044800,448,57625
36081045000,450,101591
36081045200,452,64911
36081045400,454,45667
36081045500,455,49508
36081045600,456,77083
36081045700,457,71000
36081045800,458,70795
36081045900,459,62039
36081046000,460,41058
36081046100,461,56023
36081046200,462,56213
36081046300,463,50775
36081046400,464,113542
36081046500,465,57011
36081046600,466,54006
36081046700,467,35724
36081046800,468,69405
36081046900,469,59079
36081047000,470,65991
36081047100,471,44141
36081047200,472,70048
36081047300,473,58510
36081047500,475,68060
36081047600,476,142656
36081047800,478,86646
36081047900,479,59069
36081048000,480,68009
36081048100,481,51219
36081048200,482,92188
36081048300,483,53750
36081048400,484,98021
36081048500,485,76583
36081048900,489,64040
36081049200,492,73420
36081049301,493.01,101484
36081049302,493.02,77240
36081049500,495,105917
36081049600,496,89803
36081049700,497,74293
36081049900,499,61864
36081050000,500,56607
36081050201,502.01,90833
36081050202,502.02,69286
36081050400,504,82396
36081050500,505,76346
36081050600,506,85313
36081050700,507,82661
36081050800,508,120284
36081051000,510,94032
36081051100,511,107604
36081051200,512,84309
36081051300,513,84345
36081051500,515,95313
36081051600,516,67969
36081051700,517,91000
36081051800,518,88333
36081052000,520,73688
36081052100,521,91250
36081052200,522,94750
36081052400,524,92333
36081052500,525,86953
36081052600,526,82759
36081052800,528,86125
36081053000,530,83889
36081053100,531,81250
36081053200,532,90066
36081053401,534.01,71875
36081053500,535,58068
36081053601,536.01,96875
36081053800,538,82292
36081053900,539,96339
36081054000,540,76094
36081054200,542,76534
36081054500,545,53241
36081054700,547,62500
36081054800,548,74250
36081054900,549,47730
36081055100,551,51910
36081055200,552,70938
36081055300,553,44911
36081055400,554,72679
36081055500,555,67000
36081055600,556,77961
36081055700,557,63421
36081055800,558,105417
36081055900,559,47083
36081056000,560,81000
36081056100,561,100000
36081056200,562,101094
36081056400,564,64167
36081056500,565,56667
36081056600,566,74286
36081056700,567,91994
36081056800,568,93750
36081057700,577,72338
36081057900,579,65625
36081058000,580,95357
36081058100,581,76500
36081058200,582,99135
36081058300,583,79583
36081058500,585,84653
36081058700,587,57580
36081058900,589,57742
36081059000,590,89792
36081059100,591,69739
36081059200,592,137188
36081059300,593,59674
36081059400,594,107321
36081059500,595,75417
36081059600,596,106429
36081059800,598,95909
36081059900,599,73750
36081060000,600,121250
36081060100,601,81731
36081060300,603,90625
36081060600,606,89219
36081060701,607.01,-
36081060800,608,111389
36081061000,610,130288
36081061200,612,134779
36081061301,613.01,83545
36081061302,613.02,-
36081061400,614,115515
36081061601,616.01,111964
36081061602,616.02,119063
36081061800,618,100735
36081061900,619,101250
36081062000,620,113750
36081062100,621,80313
36081062200,622,107063
36081062300,623,96131
36081062400,624,-
36081062500,625,94750
36081062600,626,95833
36081062700,627,81080
36081062900,629,78036
36081063000,630,129861
36081063200,632,101477
36081063301,633.01,100909
36081063302,633.02,95781
36081063500,635,83950
36081063700,637,105208
36081063800,638,125917
36081063900,639,71250
36081064101,641.01,84659
36081064102,641.02,-
36081064500,645,88804
36081064600,646,90583
36081065000,650,97313
36081065400,654,91705
36081065501,655.01,-
36081065600,656,102955
36081065702,657.02,86250
36081065703,657.03,101190
36081065900,659,106429
36081066000,660,83750
36081066100,661,120313
36081066300,663,117000
36081066400,664,90561
36081066501,665.01,117042
36081066701,667.01,86656
36081066900,669,89000
36081067100,671,122697
36081067700,677,142717
36081067900,679,47917
36081068000,680,95664
36081068200,682,90000
36081068300,683,55071
36081068700,687,75673
36081069000,690,79697
36081069300,693,85741
36081069400,694,82796
36081069500,695,81705
36081069701,697.01,98409
36081069702,697.02,92125
36081070300,703,71316
36081070700,707,114306
36081070900,709,135000
36081071100,711,104073
36081071303,713.03,105729
36081071304,713.04,86250
36081071305,713.05,90344
36081071306,713.06,93698
36081071600,716,-
36081071701,717.01,74904
36081071702,717.02,61359
36081071900,719,54531
36081072100,721,65538
36081072300,723,176875
36081072900,729,126133
36081073100,731,126667
36081073700,737,120694
36081073900,739,134844
36081074100,741,95455
36081074300,743,64967
36081074500,745,67525
36081074700,747,84100
36081074900,749,207813
36081075701,757.01,126750
36081075702,757.02,125236
36081076901,769.01,140824
36081076902,769.02,94821
36081077300,773,73910
36081077500,775,155956
36081077902,779.02,89978
36081077903,779.03,92344
36081077904,779.04,71161
36081077905,779.05,73056
36081077906,779.06,69435
36081077907,779.07,74792
36081077908,779.08,50833
36081078800,788,101196
36081079000,790,72083
36081079200,792,95787
36081079300,793,-
36081079701,797.01,39898
36081079702,797.02,39409
36081079900,799,42578
36081080301,803.01,51940
36081080302,803.02,68346
36081080900,809,70179
36081081400,814,64483
36081081800,818,65362
36081083700,837,58013
36081083800,838,98934
36081084000,840,67778
36081084500,845,36786
36081084601,846.01,87857
36081084602,846.02,61563
36081084900,849,30275
36081085300,853,43646
36081085500,855,39856
36081085700,857,38276
36081085900,859,50759
36081086100,861,47014
36081086300,863,52072
36081086400,864,67159
36081086500,865,29988
36081086900,869,32188
36081087100,871,42778
36081088400,884,99643
36081088901,889.01,52550
36081089200,892,93889
36081090700,907,72321
36081091601,916.01,128833
36081091602,916.02,-
36081091800,918,-
36081091900,919,53824
36081092200,922,168125
36081092500,925,61719
36081092800,928,168836
36081092900,929,63545
36081093401,934.01,96583
36081093402,934.02,122443
36081093800,938,86230
36081093900,939,67217
36081094201,942.01,70000
36081094202,942.02,47054
36081094203,942.03,70743
36081094500,945,90208
36081094700,947,54853
36081095400,954,59080
36081096400,964,76830
36081097202,972.02,37083
36081097203,972.03,30810
36081097204,972.04,41000
36081097300,973,104000
36081098100,981,97500
36081098700,987,115481
36081099100,991,109385
36081099200,992,56638
36081099701,997.01,110938
36081099703,997.03,108320
36081099704,997.04,92225
36081099705,997.05,136944
36081099801,998.01,84489
36081099802,998.02,58750
36081099900,999,-
36081100801,1008.01,97188
36081100802,1008.02,64175
36081101001,1010.01,51610
36081101002,1010.02,81600
36081101700,1017,93281
36081102900,1029,85417
36081103201,1032.01,49464
36081103202,1032.02,54028
36081103300,1033,113033
36081103900,1039,79934
36081104700,1047,62396
36081105900,1059,91563
36081107201,1072.01,115179
36081107202,1072.02,-
36081108500,1085,88472
36081109300,1093,93173
36081109700,1097,105000
36081109900,1099,74531
36081111300,1113,106667
36081112300,1123,115139
36081112900,1129,115259
36081113300,1133,108668
36081113900,1139,57260
36081114100,1141,122292
36081114700,1147,98750
36081115100,1151,77500
36081115500,1155,52568
36081115700,1157,69758
36081115900,1159,66216
36081116100,1161,38462
36081116300,1163,36186
36081116700,1167,48500
36081117100,1171,63646
36081117500,1175,74441
36081118100,1181,67000
36081118500,1185,44702
36081118700,1187,45000
36081118900,1189,66053
36081119100,1191,46667
36081119300,1193,61750
36081119500,1195,74279
36081119900,1199,60855
36081120100,1201,52708
36081120300,1203,63864
36081120500,1205,35125
36081120700,1207,80568
36081121100,1211,-
36081121500,1215,63646
36081122300,1223,83170
36081122701,1227.01,71458
36081122702,1227.02,33170
36081124100,1241,76125
36081124700,1247,91705
36081125700,1257,56908
36081126500,1265,78813
36081126700,1267,102500
36081127700,1277,156757
36081128300,1283,-
36081129102,1291.02,127461
36081129103,1291.03,93373
36081129104,1291.04,108214
36081130100,1301,105602
36081133300,1333,96838
36081133900,1339,117138
36081134100,1341,81705
36081134700,1347,74123
36081136700,1367,77879
36081137700,1377,75603
36081138501,1385.01,94769
36081138502,1385.02,-
36081139900,1399,111250
36081140300,1403,77688
36081140901,1409.01,106667
36081140902,1409.02,102717
36081141700,1417,92548
36081142900,1429,86406
36081143500,1435,93705
36081144100,1441,110375
36081144700,1447,90385
36081145101,1451.01,88000
36081145102,1451.02,95179
36081145900,1459,100417
36081146300,1463,75977
36081146700,1467,83000
36081147100,1471,97222
36081147900,1479,98285
36081148300,1483,140094
36081150701,1507.01,149669
36081150702,1507.02,114375
36081152901,1529.01,99544
36081152902,1529.02,102969
36081155101,1551.01,103208
36081155102,1551.02,99926
36081156700,1567,120125
36081157101,1571.01,103504
36081157102,1571.02,100455
36081157901,1579.01,130592
36081157902,1579.02,120682
36081157903,1579.03,85335
36081161700,1617,115969
36081162100,1621,80870
36081990100,9901,-
36085000300,3,93942
36085000600,6,116701
36085000700,7,30563
36085000800,8,87511
36085000900,9,77936
36085001100,11,47126
36085001700,17,62500
36085001800,18,62083
36085002001,20.01,104667
36085002002,20.02,97829
36085002100,21,69688
36085002700,27,41667
36085002900,29,29226
36085003300,33,112444
36085003600,36,89276
36085003900,39,85074
36085004000,40,50529
36085004700,47,115972
36085005000,50,77500
36085005900,59,96771
36085006400,64,74732
36085006700,67,139559
36085007000,70,78289
36085007400,74,83950
36085007500,75,53704
36085007700,77,61538
36085008100,81,85638
36085009601,96.01,104743
36085009602,96.02,95855
36085009700,97,85052
36085010500,105,87977
36085011201,112.01,77692
36085011202,112.02,83164
36085011401,114.01,66333
36085011402,114.02,103333
36085012100,121,140077
36085012200,122,91307
36085012500,125,85893
36085012804,128.04,93839
36085012805,128.05,77625
36085012806,128.06,85714
36085013201,132.01,129375
36085013203,132.03,97270
36085013204,132.04,92146
36085013301,133.01,12059
36085013302,133.02,43333
36085013400,134,105111
36085013800,138,110291
36085014100,141,103603
36085014604,146.04,107532
36085014605,146.05,115607
36085014606,146.06,107355
36085014607,146.07,97297
36085014608,146.08,95231
36085014700,147,138681
36085015100,151,124904
36085015400,154,-
36085015601,156.01,125096
36085015602,156.02,118184
36085015603,156.03,91903
36085016901,169.01,78375
36085017005,170.05,132829
36085017007,170.07,98565
36085017008,170.08,112857
36085017009,170.09,123625
36085017010,170.1,82703
36085017011,170.11,116359
36085017012,170.12,106400
36085017300,173,56750
36085017600,176,124559
36085017700,177,132344
36085018100,181,160040
36085018701,187.01,118333
36085018702,187.02,117796
36085018901,189.01,85408
36085018902,189.02,105938
36085019700,197,123214
36085019800,198,116833
36085020100,201,120000
36085020700,207,66079
36085020801,208.01,109596
36085020803,208.03,118182
36085020804,208.04,105903
36085021300,213,64840
36085022300,223,64954
36085022600,226,121875
36085022800,228,-
36085023100,231,73670
36085023900,239,83875
36085024401,244.01,97451
36085024402,244.02,138050
36085024700,247,83145
36085024800,248,87470
36085025100,251,114648
36085027301,273.01,103229
36085027302,273.02,96200
36085027702,277.02,88427
36085027704,277.04,113355
36085027705,277.05,103421
36085027706,277.06,101167
36085027900,279,132500
36085029102,291.02,74310
36085029103,291.03,114082
36085029104,291.04,93906
36085030301,303.01,87847
36085030302,303.02,77422
36085031901,319.01,-
36085031902,319.02,48071
36085032300,323,84737
36085990100,9901,-